#,種,カード名,パック,,,,,,
0001,1,13人目の埋葬者,"01,20,31,46",01,20,31,46,,
0002,1,アクア・マドール,"01,29,46",01,29,46,,,
0003,1,アーマード・スターフィッシュ,"01,46",01,46,,,,
0004,1,アーメイル,"01,23,46",01,23,46,,,
0005,1,エルフの剣士,"01,20,23,46",01,20,23,46,,
0006,1,カース・オブ・ドラゴン,"01,22,46",01,22,46,,,
0007,1,キラーパンダ,"01,46",01,46,,,,
0008,1,キング・スモーク,"01,25,46",01,25,46,,,
0009,1,サイクロプス,"01,46",01,46,,,,
0010,1,シルバー・ファング,"01,46",01,46,,,,
0011,1,スカイ・ハンター,"01,46",01,46,,,,
0012,1,スティング,"01,46",01,46,,,,
0013,1,スリーピィ,"01,46",01,46,,,,
0014,1,タイホーン,"01,46",01,46,,,,
0015,1,タートル・タイガー,"01,20,46",01,20,46,,,
0016,1,ダーク・グレイ,"01,46",01,46,,,,
0017,1,トライホーン・ドラゴン,"01,20,22,46",01,20,22,46,,
0018,1,ドレイク,"01,46",01,46,,,,
0019,1,ハードアーマー,"01,23,46",01,23,46,,,
0020,1,ハープの精,"01,21,46",01,21,46,,,
0021,1,ブラック・マジシャン,"01,29,46",01,29,46,,,
0022,1,プチテンシ,"01,21,46",01,21,46,,,
0023,1,プチリュウ,"01,22,46",01,22,46,,,
0024,1,ホーリー・エルフ,"01,29,46",01,29,46,,,
0025,1,マグネット１号,"01,23,46",01,23,46,,,
0026,1,マグネット２号,"01,23,46",01,23,46,,,
0027,1,マグマン,"01,46",01,46,,,,
0028,1,マンイーター,"01,46",01,46,,,,
0029,1,マンモスの墓場,"01,46",01,46,,,,
0030,1,ミラージュ,"01,46",01,46,,,,
0031,1,モンスター・エッグ,"01,23,46",01,23,46,,,
0032,1,ラーバス,"01,46",01,46,,,,
0033,1,ルイーズ,"01,46",01,46,,,,
0034,1,ルート・ウォーター,"01,46",01,46,,,,
0035,1,レッサー・ドラゴン,"01,22,46",01,22,46,,,
0036,1,ワイト,"01,31,46",01,31,46,,,
0037,1,ワイルド・ラプター,"01,46",01,46,,,,
0038,1,一眼の盾竜,"01,22,46",01,22,46,,,
0039,1,二つの口を持つ闇の支配者,"01,46",01,46,,,,
0040,1,伝説の剣豪ＭＡＳＡＫＩ,"01,23,46",01,23,46,,,
0041,1,北風と太陽,"01,21,46",01,21,46,,,
0042,1,地獄の裁判,"01,20,25,46",01,20,25,46,,
0043,1,地雷獣,"01,46",01,46,,,,
0044,1,封印されし者の右腕,"01,29,46",01,29,46,,,
0045,1,封印されし者の右足,"01,29,46",01,29,46,,,
0046,1,封印されし者の左腕,"01,29,46",01,29,46,,,
0047,1,封印されし者の左足,"01,29,46",01,29,46,,,
0048,1,岩石の巨兵,"01,46",01,46,,,,
0049,1,怒りの悔王,"01,46",01,46,,,,
0050,1,恍惚の人魚,"01,46",01,46,,,,
0051,1,昆虫人間,"01,46",01,46,,,,
0052,1,暗黒騎士ガイア,"01,20,23,46",01,20,23,46,,
0053,1,深淵の冥王,"01,20,25,46",01,20,25,46,,
0054,1,火炎草,"01,46",01,46,,,,
0055,1,炎の魔神,"01,46",01,46,,,,
0056,1,炎を操る者,"01,29,46",01,29,46,,,
0057,1,生き血をすするもの,"01,46",01,46,,,,
0058,1,真紅眼の黒竜,"01,20,22,46",01,20,22,46,,
0059,1,紫炎の影武者,"01,23,46",01,23,46,,,
0060,1,緑樹の霊王,"01,46",01,46,,,,
0061,1,蜘蛛男,"01,46",01,46,,,,
0062,1,踊り子,"01,29,46",01,29,46,,,
0063,1,鋼鉄の巨神像,"01,27,46",01,27,46,,,
0064,1,青眼の白龍,"01,20,22,46",01,20,22,46,,
0065,1,魔人テラ,"01,25,46",01,25,46,,,
0066,1,魔人デススタン,"01,25,46",01,25,46,,,
0067,1,魔界のイバラ,"01,46",01,46,,,,
0068,1,Ｄ・ナポレオン,"01,25,46",01,25,46,,,
0069,2,カードを狩る死神,"01,25,34,47",01,25,34,47,,
0070,2,ハネハネ,"01,34,47",01,34,47,,,
0071,2,人食い虫,"01,34,47",01,34,47,,,
0072,2,封印されしエクゾディア,"01,29,47",01,29,47,,,
0073,2,青い忍者,"01,23,34,47",01,23,34,47,,
0074,3,カルボナーラ戦士,"01,23,48",01,23,48,,,
0075,3,フュージョニスト,"01,48",01,48,,,,
0076,3,フラワー・ウルフ,"01,48",01,48,,,,
0077,3,フレイム・ゴースト,"01,31,48",01,31,48,,,
0078,3,メタル・ドラゴン,"01,27,48",01,27,48,,,
0079,3,暗黒火炎龍,"01,22,48",01,22,48,,,
0080,3,炎の剣士,"01,23,48",01,23,48,,,
0081,3,炎の騎士キラー,"01,48",01,48,,,,
0082,3,竜騎士ガイア,"01,22,48",01,22,48,,,
0083,3,魔装騎士ドラゴネス,"01,23,48",01,23,48,,,
0084,4,ゴブリンの秘薬,"01,35,50",01,35,50,,,
0085,4,サンダー・ボルト,"01,45,50",01,45,50,,,
0086,4,ブラック・ホール,"01,45,50",01,45,50,,,
0087,4,レッド・ポーション,"01,35,50",01,35,50,,,
0088,4,光の護封剣,"01,50",01,50,,,,
0089,4,地割れ,"01,45,50",01,45,50,,,
0090,4,墓堀グール,"01,50",01,50,,,,
0091,4,守備封じ,"01,50",01,50,,,,
0092,4,山,"01,50",01,50,,,,
0093,4,強欲な壺,"01,50",01,50,,,,
0094,4,森,"01,50",01,50,,,,
0095,4,死者蘇生,"01,36,50",01,36,50,,,
0096,4,海,"01,50",01,50,,,,
0097,4,火の粉,"01,43,50",01,43,50,,,
0098,4,罠はずし,"01,50",01,50,,,,
0099,4,草原,"01,50",01,50,,,,
0100,4,荒野,"01,50",01,50,,,,
0101,4,融合,"01,33,36,50",01,33,36,50,,
0102,4,闇,"01,50",01,50,,,,
0103,5,はさみ撃ち,"01,49",01,49,,,,
0104,5,ドラゴン族・封印の壺,"01,40,49",01,40,49,,,
0105,5,落とし穴,"01,45,49",01,45,49,,,
0106,1,エンシェント・エルフ,"02,29,46",02,29,46,,,
0107,1,エンゼル・イヤーズ,"02,21,46",02,21,46,,,
0108,1,ガーゴイル・パワード,"02,25,46",02,25,46,,,
0109,1,ガーネシア・エレファンティス,"02,20,46",02,20,46,,,
0110,1,キラー・ビー,"02,46",02,46,,,,
0111,1,ギガテック・ウルフ,"02,27,46",02,27,46,,,
0112,1,グレムリン,"02,25,46",02,25,46,,,
0113,1,ケンタウロス,"02,46",02,46,,,,
0114,1,コケ,"02,46",02,46,,,,
0115,1,ディスク・マジシャン,"02,27,46",02,27,46,,,
0116,1,デーモンの召喚,"02,20,25,46",02,20,25,46,,
0117,1,ハイ・プリーステス,"02,29,46",02,29,46,,,
0118,1,ハーピィ・レディ,"02,46",02,46,,,,
0119,1,フレイム・ケルベロス,"02,46",02,46,,,,
0120,1,ブリヴェント・ラット,"02,46",02,46,,,,
0121,1,プチモス,"02,46",02,46,,,,
0122,1,ヘビードラゴン,"02,22,46",02,22,46,,,
0123,1,ペイルビースト,"02,46",02,46,,,,
0124,1,メガ・サンダーボール,"02,46",02,46,,,,
0125,1,レインボー・フィッシュ,"02,46",02,46,,,,
0126,1,冠を戴く蒼き翼,"02,46",02,46,,,,
0127,1,冥界の番人,"02,23,46",02,23,46,,,
0128,1,古代のトカゲ戦士,"02,46",02,46,,,,
0129,1,岩窟魔人オーガ・ロック,"02,46",02,46,,,,
0130,1,幻想師・ノー・フェイス,"02,29,46",02,29,46,,,
0131,1,幻獣王ガゼル,"02,20,46",02,20,46,,,
0132,1,暗黒の竜王,"02,22,46",02,22,46,,,
0133,1,水の踊り子,"02,46",02,46,,,,
0134,1,海月ジェリーフィッシュ,"02,46",02,46,,,,
0135,1,王座の守護者,"02,23,46",02,23,46,,,
0136,1,砦を守る翼竜,"02,22,46",02,22,46,,,
0137,1,破壊のゴーレム,"02,46",02,46,,,,
0138,1,神魚,"02,46",02,46,,,,
0139,1,舌魚,"02,46",02,46,,,,
0140,1,鎧武者ゾンビ,"02,31,46",02,31,46,,,
0141,1,鎧蜥蜴,"02,46",02,46,,,,
0142,1,闇・道化師のサギー,"02,29,46",02,29,46,,,
0143,1,闇魔界の覇王,"02,25,46",02,25,46,,,
0144,1,陸戦型バグロス,"02,27,46",02,27,46,,,
0145,1,魔物の狩人,"02,23,46",02,23,46,,,
0146,1,ＴＭ－１ランチャースパイダー,"02,20,27,46",02,20,27,46,,
0147,2,アイルの小剣士,"02,23,47",02,23,47,,,
0148,2,カタパルト・タートル,"02,47",02,47,,,,
0149,2,キャノン・ソルジャー,"02,27,43,47",02,27,43,47,,
0150,2,クリッター,"02,25,47",02,25,47,,,
0151,2,クリボー,"02,20,25,47",02,20,25,47,,
0152,2,グレート・モス,"02,36,47",02,36,47,,,
0153,2,ゲート・ガーディアン,"02,20,23,47",02,20,23,47,,
0154,2,ゴースト王パンプキング,"02,31,47",02,31,47,,,
0155,2,サンダー・ドラゴン,"02,47",02,47,,,,
0156,2,シャドウ・グール,"02,31,47",02,31,47,,,
0157,2,スター・ボーイ,"02,47",02,47,,,,
0158,2,スーパースター,"02,21,47",02,21,47,,,
0159,2,ダーク・エルフ,"02,29,47",02,29,47,,,
0160,2,ドリーム・ピエロ,"02,23,45,47",02,23,45,47,,
0161,2,ハーピィ・レディ三姉妹,"02,36,47",02,36,47,,,
0162,2,ブレードフライ,"02,47",02,47,,,,
0163,2,マーダーサーカス,"02,25,47",02,25,47,,,
0164,2,ミリス・レディエント,"02,47",02,47,,,,
0165,2,ムカムカ,"02,47",02,47,,,,
0166,2,ラージマウス,"02,36,47",02,36,47,,,
0167,2,リトル・キメラ,"02,47",02,47,,,,
0168,2,リボルバー・ドラゴン,"02,27,45,47",02,27,45,47,,
0169,2,レインボー・フラワー,"02,44,47",02,44,47,,,
0170,2,人造人間７号,"02,27,44,47",02,27,44,47,,
0171,2,仮面魔道士,"02,29,47",02,29,47,,,
0172,2,剣の女王,"02,23,34,43,47",02,23,34,43,47,
0173,2,地雷蜘蛛,"02,47",02,47,,,,
0174,2,悪魔の調理師,"02,25,47",02,25,47,,,
0175,2,時の魔術師,"02,29,47",02,29,47,,,
0176,2,水魔神スーガ,"02,47",02,47,,,,
0177,2,白い泥棒,"02,29,47",02,29,47,,,
0178,2,空の昆虫兵,"02,47",02,47,,,,
0179,2,聖なる魔術師,"02,29,34,47",02,29,34,47,,
0180,2,薄幸の美少女,"02,29,47",02,29,47,,,
0181,2,見習い魔女,"02,29,47",02,29,47,,,
0182,2,進化の繭,"02,47",02,47,,,,
0183,2,闇の仮面,"02,25,34,47",02,25,34,47,,
0184,2,闇晦ましの城,"02,25,34,47",02,25,34,47,,
0185,2,雷仙人,"02,34,35,47",02,34,35,47,,
0186,2,雷魔神サンガ,"02,47",02,47,,,,
0187,2,風魔神ヒューガ,"02,29,47",02,29,47,,,
0188,2,黒き森のウィッチ,"02,29,47",02,29,47,,,
0189,3,デビル・ボックス,"02,25,48",02,25,48,,,
0190,3,ブラック・デーモンズ・ドラゴン,"02,22,48",02,22,48,,,
0191,3,ミノケンタウルス,"02,48",02,48,,,,
0192,3,千年竜,"02,20,22,48",02,20,22,48,,
0193,3,双頭の雷龍,"02,48",02,48,,,,
0194,3,深海に潜むサメ,"02,48",02,48,,,,
0195,3,裁きの鷹,"02,48",02,48,,,,
0196,3,迷宮の魔戦車,"02,27,48",02,27,48,,,
0197,3,雷神の怒り,"02,48",02,48,,,,
0198,3,音楽家の帝王,"02,29,48",02,29,48,,,
0199,3,魔導騎士ギルティア,"02,23,48",02,23,48,,,
0200,4,ドーピング,"02,39,50",02,39,50,,,
0201,4,万華鏡華麗なる分身,"02,36,50",02,36,50,,,
0202,4,右手に盾を左手に剣を,"02,50",02,50,,,,
0203,4,執念の剣,"02,39,50",02,39,50,,,
0204,4,大嵐,"02,50",02,50,,,,
0205,4,心変わり,"02,50",02,50,,,,
0206,4,攻撃封じ,"02,50",02,50,,,,
0207,4,死者への手向け,"02,45,50",02,45,50,,,
0208,4,火炎地獄,"02,50",02,50,,,,
0209,4,痛み分け,"02,50",02,50,,,,
0210,4,磁力の指輪,"02,39,50",02,39,50,,,
0211,4,細菌感染,"02,39,50",02,39,50,,,
0212,4,陽気な葬儀屋,"02,50",02,50,,,,
0213,4,魂の開放,"02,50",02,50,,,,
0214,5,マジック・ジャマー,"02,42,49",02,42,49,,,
0215,5,昇天の角笛,"02,42,49",02,42,49,,,
0216,5,盗賊の七つ道具,"02,42,49",02,42,49,,,
0217,5,神の宣告,"02,42,49",02,42,49,,,
0218,5,聖なるバリアミラーフォース,"02,49",02,49,,,,
0219,5,追い剥ぎゴブリン,"02,40,43,49",02,40,43,49,,
0220,1,ガトリングバギー,"03,27,46",03,27,46,,,
0221,1,ギロチン・クワガタ,"03,46",03,46,,,,
0222,1,タ.ルワール・デーモン,"03,25,46",03,25,46,,,
0223,1,ダークバット,"03,46",03,46,,,,
0224,1,バードマン,"03,46",03,46,,,,
0225,1,バーニングソルジャー,"03,46",03,46,,,,
0226,1,ビッグバンドラゴン,"03,46",03,46,,,,
0227,1,フライングマンティス,"03,46",03,46,,,,
0228,1,ミスターボルケーノ,"03,46",03,46,,,,
0229,1,メカファルコン,"03,27,46",03,27,46,,,
0230,1,三ツ首のギドー,"03,25,46",03,25,46,,,
0231,1,千眼の邪教神,"03,29,46",03,29,46,,,
0232,1,島亀,"03,46",03,46,,,,
0233,1,怨念集合体,"03,26,46",03,26,46,,,
0234,1,死神ブーメラン,"03,26,46",03,26,46,,,
0235,1,海賊船スカルブラッド号,"03,23,46",03,23,46,,,
0236,1,炎の剣豪,"03,46",03,46,,,,
0237,1,科学特殊兵,"03,23,46",03,23,46,,,
0238,1,翼を織りなす者,"03,21,46",03,21,46,,,
0239,1,超時空戦闘機ビック・バイパー,"03,27,46",03,27,46,,,
0240,1,鉄腕ゴーレム,"03,27,46",03,27,46,,,
0241,1,隻眼のホワイトタイガー,"03,46",03,46,,,,
0242,1,鬼タンクＴ－３４,"03,27,46",03,27,46,,,
0243,2,カオスポッド,"03,34,36,47",03,34,36,47,,
0244,2,ゴブリン突撃部隊,"03,23,47",03,23,47,,,
0245,2,ソードハンター,"03,23,47",03,23,47,,,
0246,2,デスハムスター,"03,34,36,47",03,34,36,47,,
0247,2,バスター・ブレイダー,"03,23,47",03,23,47,,,
0248,2,ヴァンパイア・ベビー,"03,31,36,47",03,31,36,47,,
0249,2,人造人間サイコ・ショッカー,"03,27,47",03,27,47,,,
0250,2,伝説のフィッシャーマン,"03,23,47",03,23,47,,,
0251,2,寄生虫パラサイド,"03,34,43,47",03,34,43,47,,
0252,2,死の４つ星てんとう虫,"03,34,47",03,34,47,,,
0253,2,深海の戦士,"03,23,47",03,23,47,,,
0254,2,爆弾かめ虫,"03,34,47",03,34,47,,,
0255,2,猛進する剣角獣,"03,43,47",03,43,47,,,
0256,2,穿孔虫,"03,47",03,47,,,,
0257,2,精神寄生体,"03,25,35,47",03,25,35,47,,
0258,2,鉄の騎士ギア・フリード,"03,23,47",03,23,47,,,
0259,2,隼の騎士,"03,23,47",03,23,47,,,
0260,2,魔導ギガサイバー,"03,23,47",03,23,47,,,
0261,3,サウザンド・アイズ・サクリファイス,"03,29,47,48",03,29,47,48,,
0262,4,メテオ・ストライク,"03,39,43,50",03,39,43,50,,
0263,4,モンスター回収,"03,42,50",03,42,50,,,
0264,4,リミッター解除,"03,42,50",03,42,50,,,
0265,4,ワーム・ホール,"03,50",03,50,,,,
0266,4,地盤沈下,"03,40,50",03,40,50,,,
0267,4,大寒波,"03,50",03,50,,,,
0268,4,孵化,"03,36,50",03,36,50,,,
0269,4,恵みの雨,"03,35,50",03,35,50,,,
0270,4,抹殺の使徒,"03,34,45,50",03,34,45,50,,
0271,4,撲滅の使徒,"03,50",03,50,,,,
0272,4,早すぎた埋葬,"03,39,45,50",03,39,45,50,,
0273,4,浅すぎた墓穴,"03,50",03,50,,,,
0274,4,燃えさかる大地,"03,40,43,50",03,40,43,50,,
0275,4,虫除けバリアー,"03,40,50",03,40,50,,,
0276,5,ギャンブル,"03,49",03,49,,,,
0277,5,グラヴィティ・バインド超重力の網,"03,40,49",03,40,49,,,
0278,5,ゴブリンの小役人,"03,40,43,49",03,40,43,49,,
0279,5,シフトチェンジ,"03,49",03,49,,,,
0280,5,ソロモンの律法書,"03,49",03,49,,,,
0281,5,ホーリージャベリン,"03,35,49",03,35,49,,,
0282,5,ホーリー・エルフの祝福,"03,35,49",03,35,49,,,
0283,5,マジカルシルクハット,"03,49",03,49,,,,
0284,5,マジック・ドレイン,"03,42,49",03,42,49,,,
0285,5,メサイアの蟻地獄,"03,40,49",03,40,49,,,
0286,5,リビングデッドの呼び声,"03,36,40,45,49",03,36,40,45,49,
0287,5,一族の掟,"03,40,49",03,40,49,,,
0288,5,便乗,"03,40,49",03,40,49,,,
0289,5,停戦協定,"03,49",03,49,,,,
0290,5,光の封札剣,"03,49",03,49,,,,
0291,5,刻の封印,"03,49",03,49,,,,
0292,5,墓荒らし,"03,49",03,49,,,,
0293,5,強制接収,"03,40,49",03,40,49,,,
0294,5,正々堂々,"03,40,49",03,40,49,,,
0295,5,死霊の誘い,"03,40,43,49",03,40,43,49,,
0296,5,猛吹雪,"03,49",03,49,,,,
0297,5,王宮の勅命,"03,40,49",03,40,49,,,
0298,5,白兵戦,"03,43,49",03,43,49,,,
0299,5,白衣の天使,"03,35,49",03,35,49,,,
0300,5,真実の眼,"03,35,40,49",03,35,40,49,,
0301,5,砂塵の大竜巻,"03,49",03,49,,,,
0302,5,神の恵み,"03,35,40,49",03,35,40,49,,
0303,5,突風,"03,49",03,49,,,,
0304,5,聖なる輝き,"03,40,49",03,40,49,,,
0305,5,補充要員,"03,49",03,49,,,,
0306,5,誘惑のシャドウ,"03,49",03,49,,,,
0307,5,連鎖破壊,"03,49",03,49,,,,
0308,5,道連れ,"03,45,49",03,45,49,,,
0309,5,銀幕の鏡壁,"03,40,49",03,40,49,,,
0310,5,零式魔導粉砕機,"03,40,43,49",03,40,43,49,,
0311,5,ＤＮＡ改造手術,"03,40,49",03,40,49,,,
0312,1,サイガー,"04,46",04,46,,,,
0313,1,大くしゃみのカバザウルス,"04,46",04,46,,,,
0314,1,大木人１８,"04,28,46",04,28,46,,,
0315,1,溶岩大巨人,"04,46",04,46,,,,
0316,1,達人キョンシー,"04,31,46",04,31,46,,,
0317,1,魂喰らい,"04,46",04,46,,,,
0318,2,さまようミイラ,"04,31,47",04,31,47,,,
0319,2,アーマード・フライ,"04,47",04,47,,,,
0320,2,イナゴの軍勢,"04,47",04,47,,,,
0321,2,ウジャト眼を持つ男,"04,30,47",04,30,47,,,
0322,2,クルーエル,"04,25,45,47",04,25,45,47,,
0323,2,グラッジ,"04,44,47",04,44,47,,,
0324,2,ゴラ・タートル,"04,47",04,47,,,,
0325,2,シャブティのお守り,"04,47",04,47,,,,
0326,2,ジャイアントマミー,"04,31,47",04,31,47,,,
0327,2,ジャッカルの聖戦士,"04,47",04,47,,,,
0328,2,スカラベの大群,"04,45,47",04,45,47,,,
0329,2,スネークポット,"04,34,36,43,47",04,34,36,43,47,
0330,2,タイム・イーター,"04,27,47",04,27,47,,,
0331,2,ダイス・ポット,"04,34,47",04,34,47,,,
0332,2,ダークジェロイド,"04,26,47",04,26,47,,,
0333,2,デス・ラクーダ,"04,31,47",04,31,47,,,
0334,2,ナイトメア・ホース,"04,31,44,47",04,31,44,47,,
0335,2,ニュードリュア,"04,26,45,47",04,26,45,47,,
0336,2,バイサー・ショック,"04,26,47",04,26,47,,,
0337,2,バード・フェイス,"04,47",04,47,,,,
0338,2,ピラミッド・タートル,"04,31,36,47",04,31,36,47,,
0339,2,ポイズンマミー,"04,31,34,43,47",04,31,34,43,47,
0340,2,モイスチャー星人,"04,21,47",04,21,47,,,
0341,2,一刀両断侍,"04,24,45,47",04,24,45,47,,
0342,2,不幸を告げる黒猫,"04,34,47",04,34,47,,,
0343,2,不死王リッチー,"04,31,36,47",04,31,36,47,,
0344,2,半蛇人サクズィー,"04,47",04,47,,,,
0345,2,地獄詩人ヘルポエマー,"04,26,47",04,26,47,,,
0346,2,墓守の偵察者,"04,30,34,36,47",04,30,34,36,47,
0347,2,墓守の呪術師,"04,30,43,47",04,30,43,47,,
0348,2,墓守の大筒持ち,"04,30,43,47",04,30,43,47,,
0349,2,墓守の暗殺者,"04,30,47",04,30,47,,,
0350,2,墓守の番兵,"04,30,34,47",04,30,34,47,,
0351,2,墓守の長槍兵,"04,30,43,47",04,30,43,47,,
0352,2,大神官デ・ザード,"04,30,36,45,47",04,30,36,45,47,
0353,2,守護者スフィンクス,"04,47",04,47,,,,
0354,2,幸運を告げるフクロウ,"04,34,47",04,34,47,,,
0355,2,有翼賢者ファルコス,"04,47",04,47,,,,
0356,2,海神の巫女,"04,47",04,47,,,,
0357,2,王族親衛隊,"04,31,47",04,31,47,,,
0358,2,王虎ワンフー,"04,45,47",04,45,47,,,
0359,2,異形の従者,"04,44,47",04,44,47,,,
0360,2,砂塵の悪霊,"04,31,32,47",04,31,32,47,,
0361,2,首領・ザルーグ,"04,24,47",04,24,47,,,
0362,2,魂を削る死霊,"04,31,44,47",04,31,44,47,,
0363,2,黄泉へ渡る船,"04,45,47",04,45,47,,,
0364,2,黒蠍盗掘団,"04,24,47",04,24,47,,,
0365,2,Ｘ・Ｅ・Ｎ・Ｏ,"04,26,34,44,47",04,26,34,44,47,
0366,3,ナイトメアを駆ける死霊,"04,31,44,47,48",04,31,44,47,48,
0367,4,おくびょうかぜ,"04,50",04,50,,,,
0368,4,ショット・ガン・シャッフル,"04,41,50",04,41,50,,,
0369,4,タイムカプセル,"04,50",04,50,,,,
0370,4,テラ・フォーミング,"04,50",04,50,,,,
0371,4,バスターランチャー,"04,39,50",04,39,50,,,
0372,4,ヒエログリフの石版,"04,50",04,50,,,,
0373,4,ピラミッドパワー,"04,42,50",04,42,50,,,
0374,4,ミイラの呼び声,"04,40,50",04,40,50,,,
0375,4,勇気の旗印,"04,41,50",04,41,50,,,
0376,4,名推理,"04,50",04,50,,,,
0377,4,大逆転クイズ,"04,50",04,50,,,,
0378,4,太陽の書,"04,50",04,50,,,,
0379,4,悪夢の拷問部屋,"04,41,43,50",04,41,43,50,,
0380,4,悪夢の蜃気楼,"04,40,50",04,40,50,,,
0381,4,月の書,"04,42,50",04,42,50,,,
0382,4,王家の生け贄,"04,50",04,50,,,,
0383,4,王家の眠る谷ネクロバレー,"04,50",04,50,,,,
0384,4,生者の書禁断の呪術,"04,50",04,50,,,,
0385,4,突然変異,"04,36,50",04,36,50,,,
0386,4,黒蛇病,"04,41,43,50",04,41,43,50,,
0387,5,つり天井,"04,49",04,49,,,,
0388,5,サンダー・ブレイク,"04,49",04,49,,,,
0389,5,ダスト・シュート,"04,49",04,49,,,,
0390,5,ツタン仮面,"04,42,49",04,42,49,,,
0391,5,ニードル・ウォール,"04,40,45,49",04,40,45,49,,
0392,5,呪われた棺,"04,49",04,49,,,,
0393,5,命の綱,"04,36,49",04,36,49,,,
0394,5,底なし流砂,"04,40,45,49",04,40,45,49,,
0395,5,攪乱作戦,"04,49",04,49,,,,
0396,5,旅人の試練,"04,40,49",04,40,49,,,
0397,5,無謀な欲張り,"04,49",04,49,,,,
0398,5,王家の呪い,"04,42,49",04,42,49,,,
0399,5,竜の血族,"04,49",04,49,,,,
0400,5,絶対不可侵領域,"04,49",04,49,,,,
0401,5,老化の呪い,"04,49",04,49,,,,
0402,5,降霊の儀式,"04,36,49",04,36,49,,,
0403,5,黄金の邪神像,"04,36,49",04,36,49,,,
0404,1,ウィップテイル・ガーゴイル,"05,25,46",05,25,46,,,
0405,1,エビルナイト・ドラゴン,"05,20,22,46",05,20,22,46,,
0406,1,サイコ・カッパー,"05,46",05,46,,,,
0407,1,スロットマシーンＡＭ－7,"05,27,46",05,27,46,,,
0408,1,ダイヤモンド・ドラゴン,"05,22,46",05,22,46,,,
0409,1,ツインテール,"05,46",05,46,,,,
0410,1,ドラゴン・エッガー,"05,22,46",05,22,46,,,
0411,1,ファイヤー・クラーケン,"05,46",05,46,,,,
0412,1,メカニカルスネイル,"05,27,46",05,27,46,,,
0413,1,リクイド・ビースト,"05,46",05,46,,,,
0414,1,弓を引くマーメイド,"05,46",05,46,,,,
0415,1,満ち潮のマーマン,"05,46",05,46,,,,
0416,1,王室前のガーディアン,"05,27,46",05,27,46,,,
0417,1,迷宮壁ラビリンス・ウォール,"05,46",05,46,,,,
0418,2,アメーバ,"05,43,47",05,43,47,,,
0419,2,イビー,"05,43,47",05,43,47,,,
0420,2,ウォール・シャドウ,"05,23,47",05,23,47,,,
0421,2,エレクトリック・スネーク,"05,47",05,47,,,,
0422,2,カラテマン,"05,23,47",05,23,47,,,
0423,2,キラー・トマト,"05,36,47",05,36,47,,,
0424,2,グリグル,"05,35,47",05,35,47,,,
0425,2,グリズリーマザー,"05,36,47",05,36,47,,,
0426,2,コトダマ,"05,21,45,47",05,21,45,47,,
0427,2,サイバーポッド,"05,34,36,47",05,34,36,47,,
0428,2,シャインエンジェル,"05,21,36,47",05,21,36,47,,
0429,2,ジャイアントウィルス,"05,25,36,43,47",05,25,36,43,47,
0430,2,セレモニーベル,"05,29,47",05,29,47,,,
0431,2,センジュ・ゴッド,"05,21,47",05,21,47,,,
0432,2,ソニックバード,"05,47",05,47,,,,
0433,2,ダークファミリア,"05,25,34,36,47",05,25,34,36,47,
0434,2,トゥーン・デーモン,"05,25,32,44,47",05,25,32,44,47,
0435,2,トゥーン・ドラゴン・エッガー,"05,22,32,44,47",05,22,32,44,47,
0436,2,トゥーン・マーメイド,"05,32,44,47",05,32,44,47,,
0437,2,ドラゴンフライ,"05,36,47",05,36,47,,,
0438,2,ブルーアイズ・トゥーン・ドラゴン,"05,22,32,44,47",05,22,32,44,47,
0439,2,マハー・ヴァイロ,"05,29,47",05,29,47,,,
0440,2,光の追放者,"05,21,47",05,21,47,,,
0441,2,巨大ネズミ,"05,36,47",05,36,47,,,
0442,2,悪魔の偵察者,"05,25,34,47",05,25,34,47,,
0443,2,王座の侵略者,"05,23,34,47",05,23,34,47,,
0444,2,秒殺の暗殺者,"05,25,47",05,25,47,,,
0445,2,素早いモモンガ,"05,35,36,47",05,35,36,47,,
0446,2,ＵＦＯタートル,"05,27,36,47",05,27,36,47,,
0447,3,クラブ・タートル,05,05,,,,,
0448,3,サクリファイス,"05,29,47",05,29,47,,,
0449,3,ダンシング・ソルジャー,"05,23",05,23,,,,
0450,3,ハングリーバーガー,"05,23",05,23,,,,
0451,4,いたずら好きな双子悪魔,"05,50",05,50,,,,
0452,4,イリュージョンの儀式,"05,50",05,50,,,,
0453,4,ウォーターワールド,"05,50",05,50,,,,
0454,4,ガイアパワー,"05,50",05,50,,,,
0455,4,サイクロン,"05,42,50",05,42,50,,,
0456,4,シャインスパーク,"05,50",05,50,,,,
0457,4,ダークゾーン,"05,50",05,50,,,,
0458,4,デザートストーム,"05,50",05,50,,,,
0459,4,デーモンの斧,"05,39,50",05,39,50,,,
0460,4,トゥーン・ワールド,"05,32,40,50",05,32,40,50,,
0461,4,ハリケーン,"05,50",05,50,,,,
0462,4,ハンバーガーのレシピ,"05,50",05,50,,,,
0463,4,バーニングブラッド,"05,50",05,50,,,,
0464,4,一角獣のホーン,"05,39,50",05,39,50,,,
0465,4,亀の誓い,"05,50",05,50,,,,
0466,4,光の角,"05,39,50",05,39,50,,,
0467,4,墓守の使い魔,"05,40,50",05,40,50,,,
0468,4,巨大化,"05,39,50",05,39,50,,,
0469,4,平和の使者,"05,40,50",05,40,50,,,
0470,4,強奪,"05,35,39,50",05,35,39,50,,
0471,4,強引な番兵,"05,50",05,50,,,,
0472,4,悪魔のくちづけ,"05,39,50",05,39,50,,,
0473,4,成仏,"05,50",05,50,,,,
0474,4,成金ゴブリン,"05,35,50",05,35,50,,,
0475,4,押収,"05,50",05,50,,,,
0476,4,最終戦争,"05,50",05,50,,,,
0477,4,移り気な仕立屋,"05,42,50",05,42,50,,,
0478,4,突進,"05,42,50",05,42,50,,,
0479,4,聖域の歌声,"05,50",05,50,,,,
0480,4,苦渋の選択,"05,50",05,50,,,,
0481,4,踊りによる誘発,"05,50",05,50,,,,
0482,4,迷宮変化,"05,36,39,50",05,36,39,50,,
0483,4,通行税,"05,40,50",05,40,50,,,
0484,4,頼もしき守護者,"05,42,50",05,42,50,,,
0485,4,魔力の枷,"05,40,50",05,40,50,,,
0486,4,黒いペンダント,"05,39,43,50",05,39,43,50,,
0487,5,六芒星の呪縛,"05,40,49",05,40,49,,,
0488,5,天使の手鏡,"05,49",05,49,,,,
0489,5,毒蛇の牙,"05,49",05,49,,,,
0490,5,粘着テープの家,"05,45,49",05,45,49,,,
0491,1,ガジェット・ソルジャー,"06,27,46",06,27,46,,,
0492,1,シャイン・アビス,"06,21,46",06,21,46,,,
0493,1,スフィラスレディ,"06,46",06,46,,,,
0494,1,ヂェミナイ・エルフ,"06,20,29,46",06,20,29,46,,
0495,1,バイオ僧侶,"06,21,46",06,21,46,,,
0496,1,ヒューマノイド・スライム,"06,46",06,46,,,,
0497,1,フライング・フィッシュ,"06,46",06,46,,,,
0498,1,フレイムダンサー,"06,46",06,46,,,,
0499,1,ボーンハイマー,"06,46",06,46,,,,
0500,1,メルキド四面獣,"06,26,46",06,26,46,,,
0501,1,ランドスターの剣士,"06,23,46",06,23,46,,,
0502,1,ワームドレイク,"06,46",06,46,,,,
0503,1,仮面呪術師カースド・ギュラ,"06,26,46",06,26,46,,,
0504,1,半魚獣・フィッシャービスト,"06,46",06,46,,,,
0505,1,地縛霊,"06,26,46",06,26,46,,,
0506,1,夢魔の亡霊,"06,26,46",06,26,46,,,
0507,1,女帝カマキリ,"06,46",06,46,,,,
0508,1,死霊伯爵,"06,26,46",06,26,46,,,
0509,1,絵画に潜む者,"06,26,46",06,26,46,,,
0510,1,雷ウナギ,"06,46",06,46,,,,
0511,1,首なし騎士,"06,26,46",06,26,46,,,
0512,2,そよ風の精霊,"06,21,35,47",06,21,35,47,,
0513,2,アマゾネスの射手,"06,23,43,47",06,23,43,47,,
0514,2,ダーク・ネクロフィア,"06,26,36,47",06,26,36,47,,
0515,2,ダーク・ヒーローゾンバイア,"06,24,44,47",06,24,44,47,,
0516,2,トルネード・バード,"06,34,47",06,34,47,,,
0517,2,ヒステリック天使,"06,21,35,47",06,21,35,47,,
0518,2,ビッグバンガール,"06,35,43,47",06,35,43,47,,
0519,2,プリンセス人魚,"06,35,47",06,35,47,,,
0520,2,リバイバルスライム,"06,36,47",06,36,47,,,
0521,2,俊足のギラザウルス,"06,36,47",06,36,47,,,
0522,2,墜天使マリー,"06,26,35,47",06,26,35,47,,
0523,2,女邪神ヌヴィア,"06,26,47",06,26,47,,,
0524,2,岩の精霊タイタン,"06,36,47",06,36,47,,,
0525,2,幻影の妖精,"06,47",06,47,,,,
0526,2,幻想召喚師,"06,30,34,36,47",06,30,34,36,47,
0527,2,慈悲深き修道女,"06,21,47",06,21,47,,,
0528,2,昇霊術師ジョウゲン,"06,30,47",06,30,47,,,
0529,2,水の精霊アクエリア,"06,36,47",06,36,47,,,
0530,2,炎の精霊イフリート,"06,36,47",06,36,47,,,
0531,2,物資調達員,"06,24,34,47",06,24,34,47,,
0532,2,神聖なる魂,"06,21,36,47",06,21,36,47,,
0533,2,踊る妖精,"06,21,35,47",06,21,35,47,,
0534,2,霊滅術師カイクウ,"06,30,43,47",06,30,43,47,,
0535,2,風の精霊ガルーダ,"06,36,47",06,36,47,,,
0536,2,魂を喰らう者バズー,"06,47",06,47,,,,
0537,2,魔力吸収球体,"06,47",06,47,,,,
0538,3,ヒューマノイド・ドレイク,"06,48",06,48,,,,
0539,3,仮面魔獣マスクド・ヘルゲイザー,"06,26",06,26,,,,
0540,3,異星の最終戦士,"06,23,36,47,48",06,23,36,47,48,
0541,3,聖女ジャンヌ,"06,21,48",06,21,48,,,
0542,4,おとり人形,"06,50",06,50,,,,
0543,4,サイクロンレーザー,"06,39,43,50",06,39,43,50,,
0544,4,スライム増殖炉,"06,36,40,50",06,36,40,50,,
0545,4,フュージョン・ゲート,"06,50",06,50,,,,
0546,4,ポルターガイスト,"06,50",06,50,,,,
0547,4,仮面魔獣の儀式,"06,50",06,50,,,,
0548,4,凶暴化の仮面,"06,39,50",06,39,50,,,
0549,4,呪魂の仮面,"06,39,50",06,39,50,,,
0550,4,団結の力,"06,39,50",06,39,50,,,
0551,4,奇跡の発掘,"06,50",06,50,,,,
0552,4,幻惑の巻物,"06,39,50",06,39,50,,,
0553,4,怨霊の湿地帯,"06,40,50",06,40,50,,,
0554,4,暗黒の扉,"06,40,50",06,40,50,,,
0555,4,死のメッセージＡ,"06,40,50",06,40,50,,,
0556,4,死のメッセージＥ,"06,40,50",06,40,50,,,
0557,4,死のメッセージＨ,"06,40,50",06,40,50,,,
0558,4,死のメッセージＴ,"06,40,50",06,40,50,,,
0559,4,死者の生還,"06,50",06,50,,,,
0560,4,死者への供物,"06,42,45,50",06,42,45,50,,
0561,4,無限の手札,"06,40,50",06,40,50,,,
0562,4,生還の宝札,"06,40,50",06,40,50,,,
0563,4,疫病ウィルスブラックダスト,"06,39,45,50",06,39,45,50,,
0564,4,稲妻の剣,"06,39,50",06,39,50,,,
0565,4,融合解除,"06,36,42,50",06,36,42,50,,
0566,4,魔力無力化の仮面,"06,40,50",06,40,50,,,
0567,4,魔導師の力,"06,39,50",06,39,50,,,
0568,5,ウィジャ番,"06,40,49",06,40,49,,,
0569,5,カウンターパンチ,"06,45,49",06,45,49,,,
0570,5,ディフェンド・スライム,"06,40,49",06,40,49,,,
0571,5,フォースフィールド,"06,42,49",06,42,49,,,
0572,5,モンスターＢＯＸ,"06,40,49",06,40,49,,,
0573,5,力の集約,"06,49",06,49,,,,
0574,5,墓荒らしの報い,"06,40,43,49",06,40,43,49,,
0575,5,守護霊のお守り,"06,49",06,49,,,,
0576,5,弱体化の仮面,"06,49",06,49,,,,
0577,5,強欲な瓶,"06,49",06,49,,,,
0578,5,死霊の巣,"06,40,45,49",06,40,45,49,,
0579,5,沈黙の邪悪霊,"06,49",06,49,,,,
0580,5,激流葬,"06,49",06,49,,,,
0581,5,無差別破壊,"06,40,49",06,40,49,,,
0582,5,王宮の号令,"06,34,40,49",06,34,40,49,,
0583,5,生贄封じの仮面,"06,40,49",06,40,49,,,
0584,5,竜巻海流壁,"06,40,49",06,40,49,,,
0585,5,裸の王様,"06,40,49",06,40,49,,,
0586,5,魔法の筒,"06,49",06,49,,,,
0587,1,エメラルド・ドラゴン,"07,22,46",07,22,46,,,
0588,1,ベイオウルフ,"07,46",07,46,,,,
0589,1,リザード兵,"07,22,46",07,22,46,,,
0590,1,レアメタル・ソルジャー,"07,27,46",07,27,46,,,
0591,1,レアメタル・レディ,"07,27,46",07,27,46,,,
0592,1,レッド・サイクロプス,"07,26,46",07,26,46,,,
0593,1,戦士ダイ・グレファー,"07,24,46",07,24,46,,,
0594,1,機械軍曹,"07,27,46",07,27,46,,,
0595,1,洞窟に潜む竜,"07,22,46",07,22,46,,,
0596,1,魔導紳士－Ｊ,"07,29,46",07,29,46,,,
0597,2,お注射天使リリー,"07,29,47",07,29,47,,,
0598,2,ならず者傭兵部隊,"07,24,45,47",07,24,45,47,,
0599,2,ガーゴイルの道化師,"07,26,47",07,26,47,,,
0600,2,グランド・ドラゴン,"07,22,47",07,22,47,,,
0601,2,グレイ・ウイング,"07,22,47",07,22,47,,,
0602,2,スピア・ドラゴン,"07,22,43,47",07,22,43,47,,
0603,2,スピリット・ドラゴン,"07,22,43,47",07,22,43,47,,
0604,2,タイラント・ドラゴン,"07,22,47",07,22,47,,,
0605,2,ツインヘッド・ケルベロス,"07,26,47",07,26,47,,,
0606,2,デーモン・テイマー,"07,24,34,47",07,24,34,47,,
0607,2,ドラゴン・ライダー,"07,24,34,47",07,24,34,47,,
0608,2,ナーガ,"07,36,47",07,36,47,,,
0609,2,ノーブル・ド・ノワール,"07,31,47",07,31,47,,,
0610,2,ハ・デスの使い魔,"07,26,47",07,26,47,,,
0611,2,ファイバーポッド,"07,34,47",07,34,47,,,
0612,2,リーフ・フェアリー,"07,43,47",07,43,47,,,
0613,2,レッサー・デーモン,"07,26,47",07,26,47,,,
0614,2,不死之炎鳥,"07,32,35,47",07,32,35,47,,
0615,2,偉大天狗,"07,32,47",07,32,47,,,
0616,2,八俣大蛇,"07,22,32,47",07,22,32,47,,
0617,2,八汰烏,"07,26,32,47",07,26,32,47,,
0618,2,冥界の魔王ハ・デス,"07,26,47",07,26,47,,,
0619,2,切り込み隊長,"07,24,36,47",07,24,36,47,,
0620,2,因幡之白兎,"07,32,44,47",07,32,44,47,,
0621,2,天空騎士パーシアス,"07,21,43,47",07,21,43,47,,
0622,2,憑依するブラッド・ソウル,"07,26,47",07,26,47,,,
0623,2,投石部隊,"07,24,45,47",07,24,45,47,,
0624,2,火之迦具土,"07,32,47",07,32,47,,,
0625,2,無敗将軍フリード,"07,24,47",07,24,47,,,
0626,2,磨破羅魏,"07,32,47",07,32,47,,,
0627,2,竜宮之姫,"07,30,32,47",07,30,32,47,,
0628,2,軍隊竜,"07,22,36,47",07,22,36,47,,
0629,2,阿修羅,"07,21,32,47",07,21,32,47,,
0630,2,雷帝神,"07,32,47",07,32,47,,,
0631,2,雷電娘々,"07,47",07,47,,,,
0632,2,７つの武器を持つハンター,"07,24,47",07,24,47,,,
0633,3,デス・デーモン・ドラゴン,"07,22,47,48",07,22,47,48,,
0634,3,ドラゴン・ウォリアー,"07,24,47,48",07,24,47,48,,
0635,3,レアメタル・ナイト,"07,27,47,48",07,27,47,48,,
0636,3,レアメタル・ヴァルキリー,"07,27,44,47,48",07,27,44,47,48,
0637,3,魔人ダーク・バルター,"07,26,47,48",07,26,47,48,,
0638,4,ジェノサイド・ウォー,"07,50",07,50,,,,
0639,4,スタンピング・クラッシュ,"07,43,50",07,43,50,,,
0640,4,セカンド・チャンス,"07,40,50",07,40,50,,,
0641,4,ダブルトラップ,"07,50",07,50,,,,
0642,4,伝説の都アトランティス,"07,50",07,50,,,,
0643,4,光の護封陣,"07,50",07,50,,,,
0644,4,増援,"07,50",07,50,,,,
0645,4,天変地異,"07,40,50",07,40,50,,,
0646,4,封神鏡,"07,32,50",07,32,50,,,
0647,4,巨竜の羽ばたき,"07,50",07,50,,,,
0648,4,強制転移,"07,50",07,50,,,,
0649,4,戦士の生還,"07,50",07,50,,,,
0650,4,明鏡止水の心,"07,39,45,50",07,39,45,50,,
0651,4,火竜の火炎弾,"07,43,45,50",07,43,45,50,,
0652,4,盗人の煙玉,"07,39,50",07,39,50,,,
0653,4,盗賊の極意,"07,43,50",07,43,50,,,
0654,4,融合武器ムラサメブレード,"07,39,50",07,39,50,,,
0655,4,超再生能力,"07,42,50",07,42,50,,,
0656,4,連合軍,"07,40,50",07,40,50,,,
0657,4,霊子エネルギー固定装置,"07,32,40,50",07,32,40,50,,
0658,4,非常食,"07,35,42,50",07,35,42,50,,
0659,5,はたき落とし,"07,49",07,49,,,,
0660,5,シモッチによる副作用,"07,35,40,43,49",07,35,40,43,49,
0661,5,デビル・コメディアン,"07,49",07,49,,,,
0662,5,ドラゴンの宝珠,"07,40,49",07,40,49,,,
0663,5,バーストブレス,"07,49",07,49,,,,
0664,5,ラストバトル,"07,49",07,49,,,,
0665,5,ロスト,"07,49",07,49,,,,
0666,5,不吉な占い,"07,40,43,49",07,40,43,49,,
0667,5,体力増強剤スーパーＺ,"07,35,49",07,35,49,,,
0668,5,冥王の咆哮,"07,49",07,49,,,,
0669,5,奈落の落とし穴,"07,45,49",07,45,49,,,
0670,5,迎撃準備,"07,49",07,49,,,,
0671,5,死の演算盤,"07,40,49",07,40,49,,,
0672,5,生命力吸収魔術,"07,35,40,49",07,35,40,49,,
0673,5,竜の逆鱗,"07,40,43,49",07,40,43,49,,
0674,5,鎖付き爆弾,"07,49",07,49,,,,
0675,5,陽動作戦,"07,49",07,49,,,,
0676,1,アイツ,"08,21,32,46",08,21,32,46,,
0677,1,グレート・アンガス,"08,46",08,46,,,,
0678,1,サファイアドラゴン,"08,22,46",08,22,46,,,
0679,1,団結するレジスタンス,"08,46",08,46,,,,
0680,1,弾圧される民,"08,46",08,46,,,,
0681,1,逃げまどう民,"08,46",08,46,,,,
0682,1,闇魔界の戦士ダークソード,"08,24,32,46",08,24,32,46,,
0683,1,音速ダック,"08,46",08,46,,,,
0684,1,Ｘ－ヘッド・キャノン,"08,28,32,46",08,28,32,46,,
0685,2,アマゾネスの剣士,"08,24,47",08,24,47,,,
0686,2,アマゾネスの吹き矢兵,"08,24,47",08,24,47,,,
0687,2,アマゾネスの格闘戦士,"08,24,47",08,24,47,,,
0688,2,アマゾネスの聖戦士,"08,24,47",08,24,47,,,
0689,2,アマゾネスペット虎,"08,47",08,47,,,,
0690,2,カオス・マジシャン,"08,30,47",08,30,47,,,
0691,2,コイツ,"08,21,32,37,43",08,21,32,37,43,
0692,2,ジャイアント・オーク,"08,26,32,47",08,26,32,47,,
0693,2,セコンド・ゴブリン,"08,26,32,36,47",08,26,32,36,47,
0694,2,ゾンビタイガー,"08,31,32,36,45",08,31,32,36,45,
0695,2,ディメンション・ポッド,"08,28,34,47",08,28,34,47,,
0696,2,デス・コアラ,"08,34,47",08,34,47,,,
0697,2,デス・デンドル,"08,32,36,45,46",08,32,36,45,46,
0698,2,ネコ耳族,"08,47",08,47,,,,
0699,2,ブラック・マジシャン・ガール,"08,20,29,47",08,20,29,47,,
0700,2,ブラッド・オーキス,"08,32,36,47",08,32,36,47,,
0701,2,マジック・キャンセラー,"08,28,47",08,28,47,,,
0702,2,ルーレットボマー,"08,28,45,47",08,28,45,47,,
0703,2,同族感染ウィルス,"08,47",08,47,,,,
0704,2,執念深き老魔術師,"08,30,34,45,47",08,30,34,45,47,
0705,2,朽ち果てた武将,"08,31,32,36,44",08,31,32,36,44,
0706,2,氷岩魔獣,"08,32,36,47",08,32,36,47,,
0707,2,漆黒の闘龍,"08,22,32,36,43",08,22,32,36,43,
0708,2,灼岩魔獣,"08,32,36,47",08,32,36,47,,
0709,2,熟練の白魔術師,"08,30,37,47",08,30,37,47,,
0710,2,熟練の黒魔術師,"08,30,37,47",08,30,37,47,,
0711,2,王立魔法図書館,"08,30,47",08,30,47,,,
0712,2,異次元の狂獣,"08,47",08,47,,,,
0713,2,白兵戦型お手伝いロボ,"08,28,45,47",08,28,45,47,,
0714,2,絶対服従魔人,"08,26,47",08,26,47,,,
0715,2,見習い魔術師,"08,30,47",08,30,47,,,
0716,2,騎竜,"08,22,32,36,44",08,22,32,36,44,
0717,2,魔導アーマーエクゼ,"08,47",08,47,,,,
0718,2,魔導サイエンティスト,"08,30,37,44,47",08,30,37,44,47,
0719,2,魔導戦士ブレイカー,"08,30,47",08,30,47,,,
0720,2,魔導雑貨商人,"08,34,47",08,34,47,,,
0721,2,魔法の操り人形,"08,30,45,47",08,30,45,47,,
0722,2,魔草マンドラゴラ,"08,30,34,47",08,30,34,47,,
0723,2,黒蠍罠はずしのクリフ,"08,24,47",08,24,47,,,
0724,2,Ｙ－ドラゴン・ヘッド,"08,28,32,36,47",08,28,32,36,47,
0725,2,Ｚ－メタル・キャタピラー,"08,28,32,36,47",08,28,32,36,47,
0726,3,白竜の聖騎士,"08,22,37,45,47",08,22,37,45,47,
0727,3,超魔導師ブラック・パラディン,"08,30,47,48",08,30,47,48,,
0728,3,ＸＹ－ドラゴン・キャノン,"08,28,47,48",08,28,47,48,,
0729,3,ＸＹＺ－ドラゴン・キャノン,"08,28,47,48",08,28,47,48,,
0730,3,ＸＺ－キャタピラー・キャノン,"08,28,47,48",08,28,47,48,,
0731,3,ＹＺ－キャタピラー・ドラゴン,"08,28,45,47,48",08,28,45,47,48,
0732,4,ご隠居の猛毒薬,"08,35,42,50",08,35,42,50,,
0733,4,カウンターマシンガンパンチ,"08,41,45,50",08,41,45,50,,
0734,4,コンビネーション・アタック,"08,32,42,50",08,32,42,50,,
0735,4,ビッグバン・シュート,"08,39,43,50",08,39,43,50,,
0736,4,ブラック・コア,"08,50",08,50,,,,
0737,4,マスドライバー,"08,41,43,50",08,41,43,50,,
0738,4,メガトン魔導キャノン,"08,50",08,50,,,,
0739,4,レアゴールド・アーマー,"08,39,50",08,39,50,,,
0740,4,前線基地,"08,32,37,41,50",08,32,37,41,50,
0741,4,千里眼,"08,41,50",08,41,50,,,
0742,4,壺盗み,"08,42,50",08,42,50,,,
0743,4,拡散する波動,"08,50",08,50,,,,
0744,4,波動キャノン,"08,41,50",08,41,50,,,
0745,4,生け贄人形,"08,37,50",08,37,50,,,
0746,4,白竜降臨,"08,50",08,50,,,,
0747,4,竜破壊の証,"08,50",08,50,,,,
0748,4,精神統一,"08,50",08,50,,,,
0749,4,自律行動ユニット,"08,39,45,50",08,39,45,50,,
0750,4,降格処分,"08,39,50",08,39,50,,,
0751,4,騎士道精神,"08,41,50",08,41,50,,,
0752,5,アマゾネスの弩弓隊,"08,49",08,49,,,,
0753,5,パイナップル爆弾,"08,49",08,49,,,,
0754,5,フォーメーション・ユニオン,"08,32,37,49",08,32,37,49,,
0755,5,メテオ・レイン,"08,43,49",08,43,49,,,
0756,5,仕込みマシンガン,"08,49",08,49,,,,
0757,5,八式対魔法多重結界,"08,42,49",08,42,49,,,
0758,5,大革命,"08,49",08,49,,,,
0759,5,奇跡の復活,"08,37,49",08,37,49,,,
0760,5,対抗魔術,"08,42,49",08,42,49,,,
0761,5,武装解除,"08,49",08,49,,,,
0762,5,漆黒のパワーストーン,"08,41,49",08,41,49,,,
0763,5,粘着落とし穴,"08,49",08,49,,,,
0764,5,覇者の一括,"08,49",08,49,,,,
0765,5,隠された魔導書,"08,49",08,49,,,,
0766,5,魔力枯渇,"08,49",08,49,,,,
0767,1,おジャマ・グリーン,"09,46",09,46,,,,
0768,1,アクロバットモンキー,"09,28,46",09,28,46,,,
0769,1,ガガギゴ,"09,46",09,46,,,,
0770,1,デーモン・ソルジャー,"09,26,46",09,26,46,,,
0771,1,バトルフットボーラー,"09,28,46",09,28,46,,,
0772,1,忍犬ワンダードッグ,"09,46",09,46,,,,
0773,1,異次元トレーナー,"09,26,46",09,26,46,,,
0774,2,アギド,"09,21,36,47",09,21,36,47,,
0775,2,インフェルノクインデーモン,"09,26,47",09,26,47,,,
0776,2,ウェポンサモナー,"09,30,34,47",09,30,34,47,,
0777,2,エクゾディア・ネクロス,"09,30,47",09,30,47,,,
0778,2,カイザー・グライダー,"09,22,47",09,22,47,,,
0779,2,ガーディアン・エルマ,"09,21,37,39,47",09,21,37,39,47,
0780,2,ガーディアン・グラール,"09,37,47",09,37,47,,,
0781,2,ガーディアン・ケースト,"09,37,47",09,37,47,,,
0782,2,ガーディアン・シール,"09,37,45,47",09,37,45,47,,
0783,2,ガーディアン・トライス,"09,37,47",09,37,47,,,
0784,2,ガーディアン・バオウ,"09,26,37,45,47",09,26,37,45,47,
0785,2,ケルドウ,"09,21,47",09,21,47,,,
0786,2,ケルベク,"09,21,47",09,21,47,,,
0787,2,サイバー・レイダー,"09,27,47",09,27,47,,,
0788,2,シャドウナイトデーモン,"09,26,47",09,26,47,,,
0789,2,ジェノサイドキングデーモン,"09,26,47",09,26,47,,,
0790,2,ゾルガ,"09,21,35,47",09,21,35,47,,
0791,2,ダークビショップデーモン,"09,26,47",09,26,47,,,
0792,2,デスグレムリン,"09,34,47",09,34,47,,,
0793,2,デスルークデーモン,"09,26,37,47",09,26,37,47,,
0794,2,バーサーク・デッド・ドラゴン,"09,31,47",09,31,47,,,
0795,2,ヘルポーンデーモン,"09,26,47",09,26,47,,,
0796,2,ムドラ,"09,21,47",09,21,47,,,
0797,2,メタル化寄生生物ルナタイト,"09,32,37,47",09,32,37,47,,
0798,2,リトル・ウィンガード,"09,23,47",09,23,47,,,
0799,2,ヴァンパイア・ロード,"09,31,43,47",09,31,43,47,,
0800,2,偉大魔獣ガーゼット,"09,26,47",09,26,47,,,
0801,2,合成魔獣ガーゼット,"09,26,47",09,26,47,,,
0802,2,名工虎鉄,"09,34,39,47",09,34,39,47,,
0803,2,地獄の番熊,"09,47",09,47,,,,
0804,2,地獄将軍・メフィスト,"09,26,43,47",09,26,43,47,,
0805,2,幻影の騎士ミラージュ・ナイト,"09,24,47",09,24,47,,,
0806,2,月読命,"09,30,32,47",09,30,32,47,,
0807,2,異次元の女戦士,"09,24,47",09,24,47,,,
0808,2,盲信するゴブリン,"09,24,47",09,24,47,,,
0809,2,言語道断侍,"09,24,47",09,24,47,,,
0810,2,迅雷の魔王スカル・デーモン,"09,26,47",09,26,47,,,
0811,2,迷犬マロン,"09,47",09,47,,,,
0812,2,逆ギレパンダ,"09,43,47",09,43,47,,,
0813,2,針千本,"09,45,47",09,45,47,,,
0814,2,闇よりの恐怖,"09,31,37,47",09,31,37,47,,
0815,2,闇より出でし絶望,"09,31,37,47",09,31,37,47,,
0816,2,魔鏡導師リフレクト・バウンダー,"09,27,47",09,27,47,,,
0817,2,黒蠍強力のゴーグ,"09,24,47",09,24,47,,,
0818,2,黒蠍棘のミーネ,"09,24,47",09,24,47,,,
0819,2,黒蠍逃げ足のチック,"09,24,47",09,24,47,,,
0820,3,伝説の爆炎使い,"09,30,47",09,30,47,,,
0821,3,天界王シナト,"09,21,47",09,21,47,,,
0822,3,闇の支配者ゾーク,"09,26,45,47",09,26,45,47,,
0823,3,黒炎の騎士ブラック・フレア・ナイト,"09,24,37,47,48",09,24,37,47,48,
0824,4,エグゾディアとの契約,"09,37,50",09,37,50,,,
0825,4,コストダウン,"09,50",09,50,,,,
0826,4,ダグラの剣,"09,35,39,50",09,35,39,50,,
0827,4,ディスカバード・アタック,"09,44,50",09,44,50,,,
0828,4,デーモンとの駆け引き,"09,37,42,50",09,37,42,50,,
0829,4,トークン収穫祭,"09,35,50",09,35,50,,,
0830,4,万魔殿悪魔の巣窟,"09,50",09,50,,,,
0831,4,冥界の宝札,"09,41,50",09,41,50,,,
0832,4,墓穴の道連れ,"09,50",09,50,,,,
0833,4,墜落,"09,39,50",09,39,50,,,
0834,4,奇跡の方舟,"09,50",09,50,,,,
0835,4,奈落との契約,"09,50",09,50,,,,
0836,4,心眼の鉾,"09,39,43,50",09,39,43,50,,
0837,4,泉の精霊,"09,39,50",09,39,50,,,
0838,4,流星の弓シール,"09,39,44,50",09,39,44,50,,
0839,4,灼熱の槍,"09,50",09,50,,,,
0840,4,破邪の大剣バオウ,"09,39,45,50",09,39,45,50,,
0841,4,終焉のカウントダウン,"09,50",09,50,,,,
0842,4,絶対魔法禁止区域,"09,41,50",09,41,50,,,
0843,4,蝶の短剣エルマ,"09,39,50",09,39,50,,,
0844,4,重力の斧グラール,"09,39,50",09,39,50,,,
0845,4,閃光の双剣トライス,"09,39,50",09,39,50,,,
0846,4,闇の支配者との契約,"09,50",09,50,,,,
0847,4,静寂のロッドケースト,"09,39,50",09,39,50,,,
0848,4,魔法再生,"09,50",09,50,,,,
0849,4,黒蠍団召集,"09,37,50",09,37,50,,,
0850,5,おジャマトリオ,"09,37,49",09,37,49,,,
0851,5,アヌビスの裁き,"09,42,45,49",09,42,45,49,,
0852,5,スキルドレイン,"09,41,49",09,41,49,,,
0853,5,デーモンの雄叫び,"09,37,49",09,37,49,,,
0854,5,リバースダイス,"09,49",09,49,,,,
0855,5,亜空間物質転送装置,"09,49",09,49,,,,
0856,5,呪術抹消,"09,42,49",09,42,49,,,
0857,5,大成仏,"09,49",09,49,,,,
0858,5,希望の光,"09,49",09,49,,,,
0859,5,必殺！黒蠍コンビネーション,"09,44,49",09,44,49,,,
0860,5,最終突撃命令,"09,41,49",09,41,49,,,
0861,5,武器庫荒らし,"09,39,49",09,39,49,,,
0862,5,炸裂装甲,"09,45,49",09,45,49,,,
0863,5,生贄の抱く爆弾,"09,43,49",09,43,49,,,
0864,5,生贄の祭壇,"09,35,49",09,35,49,,,
0865,5,立ちはだかる強敵,"09,49",09,49,,,,
0866,5,血の刻印,"09,41,45,49",09,41,45,49,,
0867,5,魂の氷結,"09,49",09,49,,,,
0868,1,おジャマ・イエロー,"10,46",10,46,,,,
0869,1,おジャマ・ブラック,"10,46",10,46,,,,
0870,1,ギガ・ガガギゴ,"10,46",10,46,,,,
0871,1,ジェノサイドキングサーモン,"10,46",10,46,,,,
0872,1,ネオバグ,"10,46",10,46,,,,
0873,1,ビッグ・コアラ,"10,46",10,46,,,,
0874,1,暗黒の海竜兵,"10,46",10,46,,,,
0875,1,暗黒の狂犬,"10,46",10,46,,,,
0876,1,火炎木人１８,"10,46",10,46,,,,
0877,1,魂虎,"10,46",10,46,,,,
0878,2,インセクト・プリンセス,"10,45,47",10,45,47,,,
0879,2,インフェルノ,"10,37,43,45,47",10,37,43,45,47,
0880,2,カオスライダーグスタフ,"10,24,47",10,24,47,,,
0881,2,カオス・ソルジャー開闢の使者,"10,24,37,45,47",10,24,37,45,47,
0882,2,カオス・ソーサラー,"10,30,37,47",10,30,37,47,,
0883,2,カオス・ネクロマンサー,"10,26,47",10,26,47,,,
0884,2,ギガンテス,"10,37,47",10,37,47,,,
0885,2,グラナドラ,"10,35,47",10,35,47,,,
0886,2,シルフィード,"10,21,37,47",10,21,37,47,,
0887,2,ステルスバード,"10,43,47",10,43,47,,,
0888,2,デス・カンガルー,"10,45,47",10,45,47,,,
0889,2,ドリラゴ,"10,28,44,47",10,28,44,47,,
0890,2,ハイパーハンマーヘッド,"10,47",10,47,,,,
0891,2,フェンリル,"10,37,45,47",10,37,45,47,,
0892,2,ボーガニアン,"10,28,43,47",10,28,43,47,,
0893,2,マンジュ・ゴッド,"10,21,47",10,21,47,,,
0894,2,レクンガ,"10,36,47",10,36,47,,,
0895,2,ロードボイズン,"10,36,47",10,36,47,,,
0896,2,不意打ち又佐,"10,24,47",10,24,47,,,
0897,2,代打バッター,"10,36,47",10,36,47,,,
0898,2,凶悪犯チョップマン,"10,31,39,47",10,31,39,47,,
0899,2,大盤振舞侍,"10,24,47",10,24,47,,,
0900,2,守護天使ジャンヌ,"10,21,35,45,47",10,21,35,45,47,
0901,2,対空放花,"10,43,47",10,43,47,,,
0902,2,怒れる類人猿,"10,47",10,47,,,,
0903,2,放浪の勇者フリード,"10,24,45,47",10,24,45,47,,
0904,2,暗黒のマンティコア,"10,37,47",10,37,47,,,
0905,2,暗黒の侵略者,"10,26,47",10,26,47,,,
0906,2,暗黒ドリケラトプス,"10,43,47",10,43,47,,,
0907,2,暗黒大要塞鯱,"10,45,47",10,45,47,,,
0908,2,暗黒恐獣,"10,44,47",10,44,47,,,
0909,2,月風魔,"10,24,45,47",10,24,45,47,,
0910,2,棘の妖精,"10,47",10,47,,,,
0911,2,水陸両用バグロスＭｋ－３,"10,28,44,47",10,28,44,47,,
0912,2,海竜ダイダロス,"10,47",10,47,,,,
0913,2,混沌の呪術師,"10,30,34,47",10,30,34,47,,
0914,2,混沌の黒魔術師,"10,30,47",10,30,47,,,
0915,2,混沌帝龍 終焉の使者,"10,22,37,43,47",10,22,37,43,47,
0916,2,激昂のミノタウルス,"10,43,47",10,43,47,,,
0917,2,火口に潜む者,"10,37,47",10,37,47,,,
0918,2,灼熱ゾンビ,"10,47",10,47,,,,
0919,2,燃える藻,"10,35,47",10,35,47,,,
0920,2,爆風トカゲ,"10,34,47",10,34,47,,,
0921,2,異次元の偵察機,"10,28,37,47",10,28,37,47,,
0922,2,紅蓮魔獣ダ・イーザ,"10,26,47",10,26,47,,,
0923,2,聖鳥クレイン,"10,47",10,47,,,,
0924,2,赤い忍者,"10,24,34,47",10,24,34,47,,
0925,2,速攻の黒い忍者,"10,24,47",10,24,47,,,
0926,2,首領亀,"10,37,47",10,37,47,,,
0927,2,髑髏顔天道虫,"10,35,47",10,35,47,,,
0928,2,魚雷魚,"10,47",10,47,,,,
0929,2,龍骨鬼,"10,31,45,47",10,31,45,47,,
0930,4,おジャマ・デルタハリケーン！！,"10,50",10,50,,,,
0931,4,つまずき,"10,41,50",10,41,50,,,
0932,4,アリの増殖,"10,36,50",10,36,50,,,
0933,4,カオス・エンド,"10,50",10,50,,,,
0934,4,カオス・グリード,"10,50",10,50,,,,
0935,4,カオス・シールド,"10,40,50",10,40,50,,,
0936,4,グリフォンの羽根箒,"10,35,50",10,35,50,,,
0937,4,サルベージ,"10,50",10,50,,,,
0938,4,サンダー・クラッシュ,"10,43,45,50",10,43,45,50,,
0939,4,リサイクル,"10,41,50",10,41,50,,,
0940,4,リロード,"10,42,50",10,42,50,,,
0941,4,光と闇の洗礼,"10,37,42,50",10,37,42,50,,
0942,4,凡骨の意地,"10,41,50",10,41,50,,,
0943,4,原初の種,"10,50",10,50,,,,
0944,4,地砕き,"10,45,50",10,45,50,,,
0945,4,大地讃頌,"10,50",10,50,,,,
0946,4,次元の歪み,"10,37,50",10,37,50,,,
0947,4,次元融合,"10,37,50",10,37,50,,,
0948,4,異次元の境界線,"10,41,50",10,41,50,,,
0949,4,翡翠の蟲笛,"10,50",10,50,,,,
0950,4,超進化薬,"10,37,50",10,37,50,,,
0951,4,迷える仔羊,"10,37,50",10,37,50,,,
0952,4,野生開放,"10,45,50",10,45,50,,,
0953,4,風魔手裏剣,"10,39,43,50",10,39,43,50,,
0954,4,魂吸収,"10,35,41,50",10,35,41,50,,
0955,5,エナジー・ドレイン,"10,49",10,49,,,,
0956,5,トラップ・ジャマー,"10,42,49",10,42,49,,,
0957,5,バベル・タワー,"10,41,49",10,41,49,,,
0958,5,ヒーロー見参,"10,37,49",10,37,49,,,
0959,5,大火葬,"10,49",10,49,,,,
0960,5,宇宙の収縮,"10,41,49",10,41,49,,,
0961,5,封魔の呪印,"10,42,49",10,42,49,,,
0962,5,悪魔の手鏡,"10,49",10,49,,,,
0963,5,暗黒の呪縛,"10,41,49",10,41,49,,,
0964,5,残骸爆破,"10,43,49",10,43,49,,,
0965,5,破壊リング,"10,45,49",10,45,49,,,
0966,5,強制脱出装置,"10,49",10,49,,,,
0967,5,自爆スイッチ,"10,49",10,49,,,,
0968,5,追い剥ぎゾンビ,"10,41,43,49",10,41,43,49,,
0969,5,連鎖除外,"10,49",10,49,,,,
0970,5,邪悪なバリアダーク・フォース,"10,49",10,49,,,,
0971,5,重力解除,"10,49",10,49,,,,
0972,5,門前払い,"10,41,49",10,41,49,,,
0973,5,ＤＮＡ移植手術,"10,41,49",10,41,49,,,
0974,1,もけもけ,"11,21,46",11,21,46,,,
0975,1,ギゴバイト,"11,46",11,46,,,,
0976,1,コザッキー,"11,26,46",11,26,46,,,
0977,1,ゴギガ・ガガギゴ,"11,46",11,46,,,,
0978,1,ゼラの戦士,"11,24,46",11,24,46,,,
0979,1,デビルスコーピオン,"11,46",11,46,,,,
0980,1,ファラオのしもべ,"11,31,46",11,31,46,,,
0981,1,封印師メイセイ,"11,30,46",11,30,46,,,
0982,1,王家の守護者,"11,31,46",11,31,46,,,
0983,1,神聖なる球体,"11,21,46",11,21,46,,,
0984,1,鉄鋼装甲虫,"11,46",11,46,,,,
0985,2,アステカの石像,"11,47",11,47,,,,
0986,2,アスワンの亡霊,"11,26,47",11,26,47,,,
0987,2,エンド・オブ・アヌビス,"11,26,47",11,26,47,,,
0988,2,オアシスの使者,"11,30,47",11,30,47,,,
0989,2,キングゴブリン,"11,26,47",11,26,47,,,
0990,2,サンド・ギャンブラー,"11,30,47",11,30,47,,,
0991,2,ザ・キックマン,"11,31,39,47",11,31,39,47,,
0992,2,ジャッカルの霊騎士,"11,37,47",11,37,47,,,
0993,2,スピリッツ・オブ・ファラオ,"11,31,37,47",11,31,37,47,,
0994,2,ソニックジャマー,"11,27,34,47",11,27,34,47,,
0995,2,ダブルコストン,"11,31,47",11,31,47,,,
0996,2,デビルマゼラ,"11,26,47",11,26,47,,,
0997,2,ナイトメアテーベ,"11,26,47",11,26,47,,,
0998,2,ニードルバンカー,"11,28,45,47",11,28,45,47,,
0999,2,ヌビアガード,"11,24,41,47",11,24,41,47,,
1000,2,ブローバック・ドラゴン,"11,28,47",11,28,47,,,
1001,2,プロミネンス・ドラゴン,"11,43,47",11,43,47,,,
1002,2,マーメイド・ナイト,"11,47",11,47,,,,
1003,2,ロケット・ジャンパー,"11,44,47",11,44,47,,,
1004,2,ヴァンパイア・レディ,"11,31,43,47",11,31,43,47,,
1005,2,人投げトロール,"11,43,47",11,43,47,,,
1006,2,伝説の柔術家,"11,47",11,47,,,,
1007,2,円盤闘士,"11,24,45,47",11,24,45,47,,
1008,2,再生ミイラ,"11,31,47",11,31,47,,,
1009,2,冥界の使者,"11,26,47",11,26,47,,,
1010,2,創造の代行者ヴィーナス,"11,21,37,47",11,21,37,47,,
1011,2,力の代行者マーズ,"11,21,47",11,21,47,,,
1012,2,原子ホタル,"11,47",11,47,,,,
1013,2,吸収天児,"11,21,35,45,47",11,21,35,45,47,
1014,2,壺魔神,"11,47",11,47,,,,
1015,2,大天使ゼラート,"11,21,45,47",11,21,45,47,,
1016,2,女忍者ヤエ,"11,24,47",11,24,47,,,
1017,2,恵みの像,"11,35,47",11,35,47,,,
1018,2,新緑の魔弓使い,"11,24,47",11,24,47,,,
1019,2,機動砦のギア・ゴーレム,"11,27,44,47",11,27,44,47,,
1020,2,沼地の魔神王,"11,47",11,47,,,,
1021,2,深淵の暗殺者,"11,26,34,47",11,26,34,47,,
1022,2,災いの像,"11,43,47",11,43,47,,,
1023,2,白魔導師ピケル,"11,30,35,47",11,30,35,47,,
1024,2,砂バク,"11,34,47",11,34,47,,,
1025,2,神殿を守る者,"11,26,47",11,26,47,,,
1026,2,精気を吸う骨の塔,"11,31,47",11,31,47,,,
1027,2,英知の代行者マーキュリー,"11,21,47",11,21,47,,,
1028,2,薄幸の乙女,"11,30,47",11,30,47,,,
1029,2,裁きの代行者サターン,"11,21,47",11,21,47,,,
1030,2,軍隊ピラニア,"11,44,47",11,44,47,,,
1031,2,針二千本,"11,45,47",11,45,47,,,
1032,2,雷帝ザボルグ,"11,45,47",11,45,47,,,
1033,2,魂を呼ぶ者,"11,30,34,37,47",11,30,34,37,47,
1034,2,ＫＡ－２デス・シザース,"11,28,45,47",11,28,45,47,,
1035,4,アースクエイク,"11,50",11,50,,,,
1036,4,エネミーコントローラー,"11,42,50",11,42,50,,,
1037,4,サウザンドエナジー,"11,50",11,50,,,,
1038,4,スペシャルハリケーン,"11,50",11,50,,,,
1039,4,デルタ・アタッカー,"11,44,50",11,44,50,,,
1040,4,トライアングルパワー,"11,50",11,50,,,,
1041,4,モンスターゲート,"11,37,50",11,37,50,,,
1042,4,リバースソウル,"11,34,42,50",11,34,42,50,,
1043,4,レベル制限Ｂ地区,"11,41,50",11,41,50,,,
1044,4,光学迷彩アーマー,"11,39,44,50",11,39,44,50,,
1045,4,天空の聖域,"11,50",11,50,,,,
1046,4,弱肉一色,"11,50",11,50,,,,
1047,4,滅びの爆裂疾風弾,"11,50",11,50,,,,
1048,4,盗人ゴブリン,"11,35,50",11,35,50,,,
1049,4,砂塵の結界,"11,41,50",11,41,50,,,
1050,4,神秘の中華なべ,"11,35,42,50",11,35,42,50,,
1051,4,突撃指令,"11,42,45,50",11,42,45,50,,
1052,4,第三の棺,"11,41,50",11,41,50,,,
1053,4,第二の棺,"11,41,50",11,41,50,,,
1054,4,電脳増幅器,"11,39,45,50",11,39,45,50,,
1055,4,魂喰らいの魔刀,"11,39,50",11,39,50,,,
1056,4,魔の試着部屋,"11,37,50",11,37,50,,,
1057,4,魔力倹約術,"11,41,50",11,41,50,,,
1058,4,黒・魔・導,"11,50",11,50,,,,
1059,4,７,"11,35,41,50",11,35,41,50,,
1060,5,アヌビスの呪い,"11,49",11,49,,,,
1061,5,アーマーブレイク,"11,39,42,49",11,39,42,49,,
1062,5,ソーラーレイ,"11,49",11,49,,,,
1063,5,デスカウンター,"11,41,44,45,49",11,41,44,45,49,
1064,5,ドレインシールド,"11,35,49",11,35,49,,,
1065,5,バックファイア,"11,41,43,49",11,41,43,49,,
1066,5,ミクロ光線,"11,49",11,49,,,,
1067,5,人海戦術,"11,37,41,49",11,37,41,49,,
1068,5,光の召集,"11,49",11,49,,,,
1069,5,光の護封壁,"11,41,49",11,41,49,,,
1070,5,忍法変化の術,"11,37,41,45,49",11,37,41,45,49,
1071,5,悪夢の迷宮,"11,41,49",11,41,49,,,
1072,5,玉砕指令,"11,49",11,49,,,,
1073,5,砂漠の光,"11,49",11,49,,,,
1074,5,第一の棺,"11,37,41,49",11,37,41,49,,
1075,5,蘇りし魂,"11,37,41,45,49",11,37,41,45,49,
1076,5,裁きの光,"11,49",11,49,,,,
1077,1,スカゴブリン,"12,26,46",12,26,46,,,
1078,1,ネオアクア・マドール,"12,30,46",12,30,46,,,
1079,1,大木炭１８,"12,46",12,46,,,,
1080,1,骨犬マロン,"12,46",12,46,,,,
1081,2,アルティメット・インセクトＬＶ１,"12,33,37,47",12,33,37,47,,
1082,2,アームド・ドラゴンＬＶ３,"12,22,33,37,47",12,22,33,37,47,
1083,2,アームド・ドラゴンＬＶ５,"12,22,33,37,45",12,22,33,37,45,
1084,2,アームド・ドラゴンＬＶ７,"12,22,33,47",12,22,33,47,,
1085,2,エレメント・ソルジャー,"12,26,47",12,26,47,,,
1086,2,エレメント・ドラゴン,"12,22,45,47",12,22,45,47,,
1087,2,トロイホース,"12,47",12,47,,,,
1088,2,ヒゲアンコウ,"12,47",12,47,,,,
1089,2,ホルスのしもべ,"12,47",12,47,,,,
1090,2,ホルスの黒炎竜ＬＶ４,"12,22,33,37,47",12,22,33,37,47,
1091,2,ホルスの黒炎竜ＬＶ６,"12,22,33,37,47",12,22,33,37,47,
1092,2,ホルスの黒炎竜ＬＶ８,"12,22,33,47",12,22,33,47,,
1093,2,マインド・オン・エア,"12,30,47",12,30,47,,,
1094,2,ミスティック・ソードマンＬＶ２,"12,24,33,37,45",12,24,33,37,45,
1095,2,ミスティック・ソードマンＬＶ４,"12,24,33,37,45",12,24,33,37,45,
1096,2,仮面竜,"12,22,37,47",12,22,37,47,,
1097,2,使途食い虫,"12,34,45,47",12,34,45,47,,
1098,2,共鳴虫,"12,37,47",12,37,47,,,
1099,2,幻惑のラフレシア,"12,34,47",12,34,47,,,
1100,2,忍者マスターＳＡＳＵＫＥ,"12,24,45,47",12,24,45,47,,
1101,2,暗黒のミミックＬＶ１,"12,26,33,34,37",12,26,33,34,37,
1102,2,暗黒のミミックＬＶ３,"12,26,33,47",12,26,33,47,,
1103,2,月の女戦士,"12,24,47",12,24,47,,,
1104,2,氷帝メビウス,"12,47",12,47,,,,
1105,2,派手ハネ,"12,34,47",12,34,47,,,
1106,2,激昂のムカムカ,"12,47",12,47,,,,
1107,2,超熱血球児,"12,24,43,47",12,24,43,47,,
1108,2,黒竜の雛,"12,22,37,47",12,22,37,47,,
1109,3,おジャマ・キング,"12,47,48",12,47,48,,,
1110,3,クリッチー,"12,30,48",12,30,48,,,
1111,3,マスター・オブ・ＯＺ,"12,48",12,48,,,,
1112,4,エクトプラズマー,"12,40,50",12,40,50,,,
1113,4,ツーマンセルバトル,"12,37,41,50",12,37,41,50,,
1114,4,ハンマーシュート,"12,45,50",12,45,50,,,
1115,4,フュージョン・ウェポン,"12,39,50",12,39,50,,,
1116,4,リチュアル・ウェポン,"12,39,50",12,39,50,,,
1117,4,レベルアップ！,"12,33,37,50",12,33,37,50,,
1118,4,四次元の墓,"12,33,50",12,33,50,,,
1119,4,大波小波,"12,37,50",12,37,50,,,
1120,4,深淵の指名者,"12,50",12,50,,,,
1121,4,記憶抹消,"12,42,50",12,42,50,,,
1122,4,闇の量産工場,"12,50",12,50,,,,
1123,4,黒炎弾,"12,50",12,50,,,,
1124,5,グリード,"12,41,49",12,41,49,,,
1125,5,ゴーゴンの眼,"12,49",12,49,,,,
1126,5,スピリットバリア,"12,41,49",12,41,49,,,
1127,5,セメタリー・ボム,"12,49",12,49,,,,
1128,5,ホーリーライフバリアー,"12,49",12,49,,,,
1129,5,大暴落,"12,49",12,49,,,,
1130,5,忍法空蝉の術,"12,41,49",12,41,49,,,
1131,5,挑発,"12,49",12,49,,,,
1132,5,絶体絶命,"12,44,49",12,44,49,,,
1133,5,衰弱の霧,"12,41,49",12,41,49,,,
1134,1,ハーピィ・ガール,"13,46",13,46,,,,
1135,1,マイティガード,"13,28,46",13,28,46,,,
1136,1,人造木人１８,"13,28,46",13,28,46,,,
1137,1,魔貨物車両ボコイチ,"13,28,46",13,28,46,,,
1138,2,きつね火,"13,38,47",13,38,47,,,
1139,2,アルティメット・インセクトＬＶ３,"13,33,38,47",13,33,38,47,,
1140,2,イーグル・アイ,"13,47",13,47,,,,
1141,2,エレメント・ザウルス,"13,47",13,47,,,,
1142,2,エレメント・マジシャン,"13,30,45,47",13,30,45,47,,
1143,2,サイレント・ソードマンＬＶ３,"13,24,33,38,47",13,24,33,38,47,
1144,2,トラップ処理班Ａチーム,"13,28,47",13,28,47,,,
1145,2,ハーピィレディ１,"13,47",13,47,,,,
1146,2,ハーピィレディ２,"13,34,47",13,34,47,,,
1147,2,ハーピィレディ３,"13,47",13,47,,,,
1148,2,パーフェクト機械王,"13,28,47",13,28,47,,,
1149,2,ミスティック・ソードマンＬＶ６,"13,24,33,45,47",13,24,33,45,47,
1150,2,ミラージュ・ドラゴン,"13,22,47",13,22,47,,,
1151,2,一撃必殺侍,"13,24,47",13,24,47,,,
1152,2,侵略の炎,"13,47",13,47,,,,
1153,2,創世者の化身,"13,24,38,47",13,24,38,47,,
1154,2,創造神,"13,38,47",13,38,47,,,
1155,2,可変機獣ガンナードラゴン,"13,28,47",13,28,47,,,
1156,2,巨大戦艦ビッグ・コア,"13,28,47",13,28,47,,,
1157,2,強化支援メカ・ヘビーウェポン,"13,28,32,47",13,28,32,47,,
1158,2,忍び寄るデビルマンタ,"13,47",13,47,,,,
1159,2,漆黒の戦士ワーウルフ,"13,47",13,47,,,,
1160,2,火霊使いヒータ,"13,30,34,47",13,30,34,47,,
1161,2,炎帝テスタロス,"13,43,47",13,43,47,,,
1162,2,爆炎集合体ガイヤ・ソウル,"13,43,47",13,43,47,,,
1163,2,華麗なる潜入工作員,"13,24,47",13,24,47,,,
1164,2,逆巻く炎の精霊,"13,44,47",13,44,47,,,
1165,2,錬金生物ホムンクルス,"13,47",13,47,,,,
1166,2,霞の谷の大怪鳥,"13,47",13,47,,,,
1167,2,魔装機関車デコイチ,"13,28,34,47",13,28,34,47,,
1168,3,キング・もけもけ,"13,21,38,47,48",13,21,38,47,48,
1169,3,闇魔界の竜騎士ダークソード,"13,24,43,47,48",13,24,43,47,48,
1170,4,トライアングル・Ｘ・スパーク,"13,50",13,50,,,,
1171,4,ハーピィの狩場,"13,50",13,50,,,,
1172,4,フリント,"13,39,50",13,39,50,,,
1173,4,与奪の首飾り,"13,39,50",13,39,50,,,
1174,4,城壁壊しの大槍,"13,39,50",13,39,50,,,
1175,4,怒れるもけもけ,"13,41,50",13,41,50,,,
1176,4,振り出し,"13,50",13,50,,,,
1177,4,機械複製術,"13,36,50",13,36,50,,,
1178,4,死者転生,"13,50",13,50,,,,
1179,4,軽量化,"13,41,50",13,41,50,,,
1180,4,連続魔法,"13,42,50",13,42,50,,,
1181,4,邪気退散,"13,41,42,50",13,41,42,50,,
1182,5,アストラルバリア,"13,41,44,49",13,41,44,49,,
1183,5,ピケルの魔方陣,"13,49",13,49,,,,
1184,5,マインド・ハック,"13,49",13,49,,,,
1185,5,レアメタル化・魔法反射装甲,"13,41,49",13,41,49,,,
1186,5,天罰,"13,42,45,49",13,42,45,49,,
1187,5,心鎮壷,"13,41,49",13,41,49,,,
1188,5,援護射撃,"13,49",13,49,,,,
1189,5,断頭台の惨劇,"13,49",13,49,,,,
1190,5,連鎖炸薬,"13,41,43,49",13,41,43,49,,
1191,5,風林火山,"13,49",13,49,,,,
1192,5,魔力浄化,"13,41,49",13,41,49,,,
1193,1,スペースマンボウ,"14,46",14,46,,,,
1194,1,格闘ねずみチュー助,"14,46",14,46,,,,
1195,1,甲虫装甲騎士,"14,46",14,46,,,,
1196,1,神竜ラグナロク,"14,22,46",14,22,46,,,
1197,2,またたびキャット,"14,47",14,47,,,,
1198,2,アルティメット・インセクトＬＶ５,"14,33,38,47",14,33,38,47,,
1199,2,エレメント・デビル,"14,26,45,47",14,26,45,47,,
1200,2,エレメント・ヴァルキリー,"14,21,47",14,21,47,,,
1201,2,カンガルー・チャンプ,"14,47",14,47,,,,
1202,2,サイレント・ソードマンＬＶ５,"14,24,33,38,44",14,24,33,38,44,
1203,2,ネフティスの導き手,"14,30,38,47",14,30,38,47,,
1204,2,ネフティスの鳳凰神,"14,38,47",14,38,47,,,
1205,2,ハイエナ,"14,38,47",14,38,47,,,
1206,2,ビッグホーン・マンモス,"14,47",14,47,,,,
1207,2,ブラッドマジシャン煉獄の魔術師,"14,30,45,47",14,30,45,47,,
1208,2,ブレイン・ジャッカー,"14,26,34,35,47",14,26,34,35,47,
1209,2,ブレードラビット,"14,45,47",14,45,47,,,
1210,2,ユーフォロイド,"14,38,47",14,38,47,,,
1211,2,レスキューキャット,"14,38,47",14,38,47,,,
1212,2,剣聖ネイキッド・ギア・フリード,"14,24,38,45,47",14,24,38,45,47,
1213,2,地帝グランマーグ,"14,47",14,47,,,,
1214,2,暴れ牛鬼,"14,43,47",14,43,47,,,
1215,2,本気ギレパンダ,"14,47",14,47,,,,
1216,2,機械犬マロン,"14,28,43,47",14,28,43,47,,
1217,2,火炎鳥,"14,47",14,47,,,,
1218,2,炎を支配する者,"14,47",14,47,,,,
1219,2,番兵ゴーレム,"14,47",14,47,,,,
1220,2,百獣王ベヒーモス,"14,47",14,47,,,,
1221,2,融合呪印生物光,"14,38,47",14,38,47,,,
1222,2,融合呪印生物地,"14,38,47",14,38,47,,,
1223,2,融合呪印生物闇,"14,38,47",14,38,47,,,
1224,2,賢者ケイローン,"14,47",14,47,,,,
1225,2,重装武者ベン・ケイ,"14,24,47",14,24,47,,,
1226,2,闇の住人シャドウキラー,"14,26,44,47",14,26,44,47,,
1227,3,ガトリング・ドラゴン,"14,28,45,47,48",14,28,45,47,48,
1228,3,竜魔人キングドラグーン,"14,22,38,47,48",14,22,38,47,48,
1229,4,デス・メテオ,"14,50",14,50,,,,
1230,4,ポイズン・ファング,"14,41,43,50",14,41,43,50,,
1231,4,ライトニング・ボルテックス,"14,50",14,50,,,,
1232,4,再融合,"14,39,50",14,39,50,,,
1233,4,契約の履行,"14,39,50",14,39,50,,,
1234,4,拘束解除,"14,38,50",14,38,50,,,
1235,4,百獣大行進,"14,42,50",14,42,50,,,
1236,4,螺旋槍殺,"14,41,43,50",14,41,43,50,,
1237,4,遠心分離フィールド,"14,38,41,50",14,38,41,50,,
1238,4,闇の護封剣,"14,41,50",14,41,50,,,
1239,4,魔法吸収,"14,35,41,50",14,35,41,50,,
1240,4,鳳凰神の羽根,"14,50",14,50,,,,
1241,5,エレメンタルバースト,"14,49",14,49,,,,
1242,5,キャトルミューティレーション,"14,38,49",14,38,49,,,
1243,5,クロスカウンター,"14,45,49",14,45,49,,,
1244,5,ゴブリンのやりくり上手,"14,49",14,49,,,,
1245,5,威嚇する咆哮,"14,49",14,49,,,,
1246,5,強引な安全協定,"14,49",14,49,,,,
1247,5,本陣強襲,"14,49",14,49,,,,
1248,5,魔のデッキ破壊ウイルス,"14,45,49",14,45,49,,,
1249,5,鳳翼の爆風,"14,49",14,49,,,,
1250,5,Ｄ・Ｄ・ダイナマイト,"14,49",14,49,,,,
1251,1,Ｅ・ＨＥＲＯクレイマン,"15,33,46",15,33,46,,,
1252,1,Ｅ・ＨＥＲＯスパークマン,"15,33,46",15,33,46,,,
1253,1,Ｅ・ＨＥＲＯバーストレディ,"15,33,46",15,33,46,,,
1254,1,Ｅ・ＨＥＲＯフェザーマン,"15,33,46",15,33,46,,,
1255,2,アルティメット・インセクトＬＶ７,"15,33,47",15,33,47,,,
1256,2,ガーディアン・スタチュー,"15,47",15,47,,,,
1257,2,クリオスフィンクス,"15,47",15,47,,,,
1258,2,グレイヴ・オージャ,"15,43,47",15,43,47,,,
1259,2,ダミー・ゴーレム,"15,34,47",15,34,47,,,
1260,2,デス・ウォンバット,"15,47",15,47,,,,
1261,2,ハネクリボー,"15,21,47",15,21,47,,,
1262,2,ヒエラコスフィンクス,"15,47",15,47,,,,
1263,2,マイン・ゴーレム,"15,43,47",15,43,47,,,
1264,2,マスターモンク,"15,38,47",15,38,47,,,
1265,2,ミドル・シールド・ガードナー,"15,24,47",15,24,47,,,
1266,2,ミレニアム・スコーピオン,"15,47",15,47,,,,
1267,2,メガロック・ドラゴン,"15,47",15,47,,,,
1268,2,メデューサ・ワーム,"15,45,47",15,45,47,,,
1269,2,モアイ迎撃砲,"15,47",15,47,,,,
1270,2,モンク・ファイター,"15,47",15,47,,,,
1271,2,ロストガーディアン,"15,47",15,47,,,,
1272,2,ワイトキング,"15,31,38,47",15,31,38,47,,
1273,2,古代の機械兵士,"15,28,47",15,28,47,,,
1274,2,古代の機械巨人,"15,28,43,47",15,28,43,47,,
1275,2,古代の機械獣,"15,28,47",15,28,47,,,
1276,2,地霊使いアウス,"15,30,34,47",15,30,34,47,,
1277,2,水霊使いエリア,"15,30,34,47",15,30,34,47,,
1278,2,異次元の生還者,"15,24,47",15,24,47,,,
1279,2,白い忍者,"15,24,34,45,47",15,24,34,45,47,
1280,2,電池メン単三型,"15,47",15,47,,,,
1281,2,風霊使いウィン,"15,30,34,47",15,30,34,47,,
1282,3,大邪神レシェフ,"15,26,47",15,26,47,,,
1283,3,精霊術師ドリアード,"15,30,47",15,30,47,,,
1284,3,Ｅ・ＨＥＲＯサンダー・ジャイアント,"15,33,47,48",15,33,47,48,,
1285,3,Ｅ・ＨＥＲＯフレイム・ウィングマン,"15,20,33,45,47,48",15,20,33,45,47,48
1286,4,うごめく影,"15,41,50",15,41,50,,,
1287,4,ゴッドハンド・スマッシュ,"15,50",15,50,,,,
1288,4,ダブルアタック,"15,50",15,50,,,,
1289,4,ドリアードの祈り,"15,50",15,50,,,,
1290,4,ニトロユニット,"15,39,50",15,39,50,,,
1291,4,伝説の黒帯,"15,39,45,50",15,39,45,50,,
1292,4,充電器,"15,38,50",15,38,50,,,
1293,4,受け継がれる力,"15,50",15,50,,,,
1294,4,大邪神の儀式,"15,50",15,50,,,,
1295,4,天よりの宝札,"15,50",15,50,,,,
1296,4,洗脳ブレイン・コントロール,"15,50",15,50,,,,
1297,4,鉄壁の布陣,"15,41,50",15,41,50,,,
1298,5,コザッキーの自爆装置,"15,43,49",15,43,49,,,
1299,5,トークン謝肉祭,"15,43,49",15,43,49,,,
1300,5,ヒーロー・シグナル,"15,33,38,49",15,33,38,49,,
1301,5,ピケルの読心術,"15,49",15,49,,,,
1302,5,レベル変換実験室,"15,49",15,49,,,,
1303,5,岩投げアタック,"15,43,49",15,43,49,,,
1304,5,岩盤爆破,"15,43,49",15,43,49,,,
1305,5,王宮の陥落,"15,41,42,49",15,41,42,49,,
1306,5,融合失敗,"15,49",15,49,,,,
1307,5,魔力終了宣告,"15,41,42,49",15,41,42,49,,
1308,1,サイクロイド,"16,28,46",16,28,46,,,
1309,1,ジェリービーンズマン,"16,46",16,46,,,,
1310,1,ソイツ,"16,21,32,46",16,21,32,46,,
1311,1,マッド・ロブスター,"16,46",16,46,,,,
1312,2,ゴブリンエリート部隊,"16,26,47",16,26,47,,,
1313,2,サイバネテック・サイクロプス,"16,47",16,47,,,,
1314,2,サイバネテック・マジシャン,"16,30,47",16,30,47,,,
1315,2,サイバーデーモン,"16,26,47",16,26,47,,,
1316,2,サイバー・ドラゴン,"16,28,38,47",16,28,38,47,,
1317,2,ジェット・ロイド,"16,28,47",16,28,47,,,
1318,2,ジャイロイド,"16,28,47",16,28,47,,,
1319,2,スチームロイド,"16,28,47",16,28,47,,,
1320,2,ディノインフィニティ,"16,47",16,47,,,,
1321,2,デスガエル,"16,38,47",16,38,47,,,
1322,2,ドイツ,"16,21,32,38,47",16,21,32,38,47,
1323,2,ドリルロイド,"16,28,45,47",16,28,45,47,,
1324,2,ドル・ドラ,"16,28,45,47",16,28,45,47,,
1325,2,ハネクリボーＬＶ１１,"16,21,33,38,47",16,21,33,38,47,
1326,2,パトロイド,"16,28,47",16,28,47,,,
1327,2,フレンドッグ,"16,28,33,47",16,28,33,47,,
1328,2,メカニカル・ハウンド,"16,28,47",16,28,47,,,
1329,2,不屈闘士レイレイ,"16,32,47",16,32,47,,,
1330,2,守護霊アイリン,"16,21,32,38,47",16,21,32,38,47,
1331,2,巨大戦艦クリスタル・コア,"16,28,47",16,28,47,,,
1332,2,引きガエル,"16,47",16,47,,,,
1333,2,悪魂邪苦止,"16,47",16,47,,,,
1334,2,電池メン単二型,"16,47",16,47,,,,
1335,2,黒魔導師クラン,"16,30,47",16,30,47,,,
1336,2,Ｄ・Ｄ・Ｍ,"16,30,38,47",16,30,38,47,,
1337,2,Ｅ・ＨＥＲＯバブルマン,"16,33,38,47",16,33,38,47,,
1338,2,Ｇ・コザッキー,"16,26,43,47",16,26,43,47,,
1339,3,サイバー・エンド・ドラゴン,"16,28,43,47,48",16,28,43,47,48,
1340,3,サイバー・ツイン・ドラゴン,"16,28,47,48",16,28,47,48,,
1341,3,スチームジャイロイド,"16,28,48",16,28,48,,,
1342,3,ユーフォロイド・ファイター,"16,28,47,48",16,28,47,48,,
1343,4,シエンノ間者,"16,50",16,50,,,,
1344,4,システム・ダウン,"16,50",16,50,,,,
1345,4,スパークガン,"16,33,39,50",16,33,39,50,,
1346,4,バブル・シャッフル,"16,33,38,42,50",16,33,38,42,50,
1347,4,パワー・ボンド,"16,38,50",16,38,50,,,
1348,4,ミラクル・フュージョン,"16,33,38,50",16,33,38,50,,
1349,4,摩天楼スカイクレイパー,"16,33,41,50",16,33,41,50,,
1350,4,死の合唱,"16,50",16,50,,,,
1351,4,融合回収,"16,50",16,50,,,,
1352,4,謙虚な壺,"16,50",16,50,,,,
1353,4,進化する翼,"16,33,38,42,50",16,33,38,42,50,
1354,4,龍の鏡,"16,38,50",16,38,50,,,
1355,5,ディメンション・ウォール,"16,49",16,49,,,,
1356,5,ファイアーダーツ,"16,49",16,49,,,,
1357,5,マジカル・エクスプロージョン,"16,49",16,49,,,,
1358,5,ライジング・エナジー,"16,49",16,49,,,,
1359,5,ライバル登場！,"16,38,49",16,38,49,,,
1360,5,反撃準備,"16,41,49",16,41,49,,,
1361,5,地霊術鉄,"16,38,49",16,38,49,,,
1362,5,徴兵令,"16,38,49",16,38,49,,,
1363,5,水霊術葵,"16,49",16,49,,,,
1364,5,火霊術紅,"16,49",16,49,,,,
1365,5,異次元の落とし穴,"16,45,49",16,45,49,,,
1366,5,風霊術雅,"16,49",16,49,,,,
1367,1,クイーンズ・ナイト,"17,20,24,46",17,20,24,46,,
1368,1,ジャックス・ナイト,"17,20,24,46",17,20,24,46,,
1369,1,ブレード・スケーター,"17,24,46",17,24,46,,,
1370,1,暗黒界の騎士ズール,"17,26,46",17,26,46,,,
1371,1,Ｖ－タイガー・ジェット,"17,28,32,46",17,28,32,46,,
1372,2,ウォーター・ドラゴン,"17,38,47",17,38,47,,,
1373,2,エトワール・サイバー,"17,24,44,47",17,24,44,47,,
1374,2,オキシゲドン,"17,43,47",17,43,47,,,
1375,2,キングス・ナイト,"17,20,24,36,47",17,20,24,36,47,
1376,2,ナノブレイカー,"17,28,45,47",17,28,45,47,,
1377,2,ハイドロゲドン,"17,38,45,47",17,38,45,47,,
1378,2,リボーン・ゾンビ,"17,31,47",17,31,47,,,
1379,2,巨大戦艦テトラン,"17,28,47",17,28,47,,,
1380,2,憑依装着アウス,"17,30,38,43,47",17,30,38,43,47,
1381,2,憑依装着ウィン,"17,30,38,43,47",17,30,38,43,47,
1382,2,憑依装着エリア,"17,30,38,43,47",17,30,38,43,47,
1383,2,憑依装着ヒータ,"17,30,38,43,47",17,30,38,43,47,
1384,2,暗黒界の尖兵ベージ,"17,26,38,47",17,26,38,47,,
1385,2,暗黒界の斥候スカー,"17,26,47",17,26,47,,,
1386,2,暗黒界の武神ゴルド,"17,26,38,47",17,26,38,47,,
1387,2,暗黒界の狂王ブロン,"17,26,47",17,26,47,,,
1388,2,暗黒界の狩人ブラフ,"17,26,47",17,26,47,,,
1389,2,暗黒界の軍神シルバ,"17,26,38,47",17,26,38,47,,
1390,2,連弾の魔術師,"17,30,43,47",17,30,43,47,,
1391,2,Ｅ・ＨＥＲＯエッジマン,"17,33,43,47",17,33,43,47,,
1392,2,Ｅ・ＨＥＲＯワイルドマン,"17,33,47",17,33,47,,,
1393,2,Ｗ－ウィング・カタパルト,"17,28,32,38,47",17,28,32,38,47,
1394,3,サイバー・ブレイダー,"17,24,47,48",17,24,47,48,,
1395,3,Ｅ・ＨＥＲＯシャイニング・フレア・ウィングマン,"17,33,45,47,48",17,33,45,47,48,
1396,3,Ｅ・ＨＥＲＯテンペスター,"17,33,47,48",17,33,47,48,,
1397,3,Ｅ・ＨＥＲＯランバートガンナー,"17,33,44,47,48",17,33,44,47,48,
1398,3,Ｅ・ＨＥＲＯワイルドジャギーマン,"17,33,47,48",17,33,47,48,,
1399,3,ＶＷタイガー・カタパルト,"17,28,47,48",17,28,47,48,,
1400,3,ＶＷＸＹＺドラゴン・カタパルトキャノン,"17,28,47,48",17,28,47,48,,
1401,4,おジャマジック,"17,50",17,50,,,,
1402,4,おジャマッスル,"17,50",17,50,,,,
1403,4,アームド・チェンジャー,"17,39,45,50",17,39,45,50,,
1404,4,フェザー・ショット,"17,33,44,50",17,33,44,50,,
1405,4,ヘル・アライアンス,"17,39,50",17,39,50,,,
1406,4,ボスラッシュ,"17,38,41,50",17,38,41,50,,
1407,4,ボンディングＨ２Ｏ,"17,38,50",17,38,50,,,
1408,4,レベル調整,"17,33,38,50",17,33,38,50,,
1409,4,暗黒界に続く結界通路,"17,38,42,50",17,38,42,50,,
1410,4,暗黒界の雷,"17,50",17,50,,,,
1411,4,貪欲な壺,"17,50",17,50,,,,
1412,5,ふるい落とし,"17,45,49",17,45,49,,,
1413,5,ゲットライド！,"17,32,49",17,32,49,,,
1414,5,ヒーローバリア,"17,33,49",17,33,49,,,
1415,5,フェザー・ウィンド,"17,33,42,49",17,33,42,49,,
1416,5,ヘル・ブラスト,"17,45,49",17,45,49,,,
1417,5,ヘル・ポリマー,"17,49",17,49,,,,
1418,5,レベル制限Ａ地区,"17,41,49",17,41,49,,,
1419,5,二者一両損,"17,49",17,49,,,,
1420,5,同姓同名,"17,38,49",17,38,49,,,
1421,5,暗黒よりの軍勢,"17,49",17,49,,,,
1422,5,融合禁止エリア,"17,41,49",17,41,49,,,
1423,5,闇の取引,"17,49",17,49,,,,
1424,2,オオアリクイクイアリ,"18,38,47",18,38,47,,,
1425,2,グラスファントム,"18,47",18,47,,,,
1426,2,ゴキポン,"18,47",18,47,,,,
1427,2,サイバー・バリア・ドラゴン,"18,28,38,47",18,28,38,47,,
1428,2,サイバー・レーザー・ドラゴン,"18,28,38,45,47",18,28,38,45,47,
1429,2,サンドモス,"18,38,47",18,38,47,,,
1430,2,セイバー・ビートル,"18,43,47",18,43,47,,,
1431,2,チェイン・スラッシャー,"18,24,47",18,24,47,,,
1432,2,デビルドーザー,"18,38,47",18,38,47,,,
1433,2,ヒーロー・キッズ,"18,24,38,47",18,24,38,47,,
1434,2,プロト・サイバー・ドラゴン,"18,28,47",18,28,47,,,
1435,2,古代の機械砲台,"18,28,47",18,28,47,,,
1436,2,古代の歯車,"18,28,38,47",18,28,38,47,,
1437,2,増幅する悪魔,"18,31,47",18,31,47,,,
1438,2,天下人紫炎,"18,47",18,47,,,,
1439,2,寄生体ダニー,"18,47",18,47,,,,
1440,2,封魔の伝承者,"18,24,45,47",18,24,45,47,,
1441,2,巨大戦艦カバート・コア,"18,28,47",18,28,47,,,
1442,2,幻魔皇ラビエル,"18,26,38,47",18,26,38,47,,
1443,2,悪魔ガエル,"18,47",18,47,,,,
1444,2,機械王プロトタイプ,"18,28,47",18,28,47,,,
1445,2,異次元の案内人,"18,24,47",18,24,47,,,
1446,2,瞬着ボマー,"18,28,45,47",18,28,45,47,,
1447,2,神炎皇ウリア,"18,38,41,47",18,38,41,47,,
1448,2,神竜エクセリオン,"18,22,45,47",18,22,45,47,,
1449,2,記憶破壊者,"18,26,44,47",18,26,44,47,,
1450,2,降雷皇ハモン,"18,38,41,43,45",18,38,41,43,45,
1451,2,電動刃虫,"18,47",18,47,,,,
1452,2,静寂虫,"18,41,47",18,41,47,,,
1453,2,魔法の国の王女クラン,"18,30,38,47",18,30,38,47,,
1454,2,魔法の国の王女ピケル,"18,30,35,38,47",18,30,35,38,47,
1455,2,黄泉ガエル,"18,38,47",18,38,47,,,
1456,2,Ｅ・ＨＥＲＯバブルマン・ネオ,"18,33,38,47",18,33,38,47,,
1457,3,ガエル・サンデス,"18,47,48",18,47,48,,,
1458,3,破滅の女神ルイン,"18,21,45,47",18,21,45,47,,
1459,3,終焉の王デミス,"18,26,47",18,26,47,,,
1460,4,エンド・オブ・ザ・ワールド,"18,50",18,50,,,,
1461,4,サイクロン・ブーメラン,"18,33,39,50",18,33,39,50,,
1462,4,ヒーローハート,"18,33,50",18,33,50,,,
1463,4,フォトン・ジェネレーター・ユニット,"18,38,42,50",18,38,42,50,,
1464,4,古代の採掘機,"18,50",18,50,,,,
1465,4,古代の機械城,"18,41,50",18,41,50,,,
1466,4,幻魔の殉教者,"18,38,50",18,38,50,,,
1467,4,王女の試練,"18,38,39,50",18,38,39,50,,
1468,4,磁石の召喚円ＬＶ２,"18,38,50",18,38,50,,,
1469,4,継承の印,"18,39,45,50",18,39,45,50,,
1470,4,輪廻転生,"18,41,50",18,41,50,,,
1471,5,アタック・リフレクター・ユニット,"18,38,49",18,38,49,,,
1472,5,オプションハンター,"18,35,49",18,35,49,,,
1473,5,ゴブリンの小役人その場しのぎ,"18,42,49",18,42,49,,,
1474,5,ジェネレーション・チェンジ,"18,45,49",18,45,49,,,
1475,5,ダメージ・コンデンサー,"18,38,49",18,38,49,,,
1476,5,ミラクル・キッズ,"18,49",18,49,,,,
1477,5,ロスト・ネクスト,"18,49",18,49,,,,
1478,5,全弾発射,"18,49",18,49,,,,
1479,5,因果切断,"18,49",18,49,,,,
1480,5,成功確立０％,"18,49",18,49,,,,
1481,5,誤動作,"18,42,49",18,42,49,,,
1482,1,サイバティック・ワイバーン,"19,27,46",19,27,46,,,
1483,1,デュナミス・ヴァルキリア,"19,21,46",19,21,46,,,
1484,1,ブラッド・ヴォルス,"19,46",19,46,,,,
1485,1,磁石の戦士α,"19,46",19,46,,,,
1486,1,磁石の戦士β,"19,46",19,46,,,,
1487,1,磁石の戦士γ,"19,46",19,46,,,,
1488,2,アビス・ソルジャー,"19,47",19,47,,,,
1489,2,イグザリオン・ユニバース,"19,43,47",19,43,47,,,
1490,2,インセクト女王,"19,36,45,47",19,36,45,47,,
1491,2,インフェルノ・ハンマー,"19,26,45,47",19,26,45,47,,
1492,2,エメス・ザ・インフィニティ,"19,28,45,47",19,28,45,47,,
1493,2,カイザー・シーホース,"19,47",19,47,,,,
1494,2,キラー・スネーク,"19,47",19,47,,,,
1495,2,ギルフォード・ザ・ライトニング,"19,24,47",19,24,47,,,
1496,2,グレート・スピリット,"19,47",19,47,,,,
1497,2,ゴブリンゾンビ,"19,31,47",19,31,47,,,
1498,2,サイファー・スカウター,"19,27,47",19,27,47,,,
1499,2,サイレント・ソードマンＬＶ７,"19,24,33,47",19,24,33,47,,
1500,2,サテライト・キャノン,"19,27,47",19,27,47,,,
1501,2,ツインヘッド・ビースト,"19,47",19,47,,,,
1502,2,テーヴァ,"19,24,47",19,24,47,,,
1503,2,トゥーン・ブラック・マジシャン・ガール,"19,30,32,44,47",19,30,32,44,47,
1504,2,ニュート,"19,26,34,47",19,26,34,47,,
1505,2,ハンニバル・ネクロマンサー,"19,29,47",19,29,47,,,
1506,2,バフォメット,"19,25,47",19,25,47,,,
1507,2,ヘリオス・デュオ・メギストス,"19,38,47",19,38,47,,,
1508,2,ヘリオス・トリス・メギストス,"19,38,47",19,38,47,,,
1509,2,ヘルフレイムエンペラー,"19,47",19,47,,,,
1510,2,リグラス・リーパー,"19,34,47",19,34,47,,,
1511,2,万力魔神バイサー・デス,"19,26,47",19,26,47,,,
1512,2,原始太陽ヘリオス,"19,47",19,47,,,,
1513,2,妖精王オベロン,"19,47",19,47,,,,
1514,2,正義の味方カイバーマン,"19,24,38,47",19,24,38,47,,
1515,2,死霊操りしパペットマスター,"19,26,36,47",19,26,36,47,,
1516,2,漆黒の豹戦士パンサーウォリアー,"19,20,47",19,20,47,,,
1517,2,磁石の戦士マグネット・バルキリオン,"19,47",19,47,,,,
1518,2,聖獣セルケト,"19,21,45,47",19,21,45,47,,
1519,2,黄金のホムンクルス,"19,24,47",19,24,47,,,
1520,2,Ｄ．Ｄ．アサイラント,"19,24,47",19,24,47,,,
1521,3,ガルマソード,"19,23",19,23,,,,
1522,3,ドラゴンに乗るワイバーン,"19,22,44,47,48",19,22,44,47,48,
1523,3,有翼幻獣キマイラ,"19,36,47,48",19,36,47,48,,
1524,3,究極竜騎士,"19,22,47,48",19,22,47,48,,
1525,3,Ｅ・ＨＥＲＯマッドポールマン,"19,33,47,48",19,33,47,48,,
1526,4,おろかな埋葬,"19,50",19,50,,,,
1527,4,エクスチェンジ,"19,50",19,50,,,,
1528,4,カオス黒魔術の儀式,"19,50",19,50,,,,
1529,4,ガルマソードの誓い,"19,50",19,50,,,,
1530,4,クロス・ソウル,"19,50",19,50,,,,
1531,4,セベクの祝福,"19,35,42,44,50",19,35,42,44,50,
1532,4,フォース,"19,50",19,50,,,,
1533,4,マジシャンズ・クロス,"19,50",19,50,,,,
1534,4,マジックブラスト,"19,50",19,50,,,,
1535,4,催眠術,"19,50",19,50,,,,
1536,4,天使のサイコロ,"19,42,50",19,42,50,,,
1537,4,天使の施し,"19,50",19,50,,,,
1538,4,手札抹殺,"19,50",19,50,,,,
1539,4,打ち出の小槌,"19,50",19,50,,,,
1540,4,王家の神殿,"19,40,50",19,40,50,,,
1541,4,竜殺しの剣,"19,39,50",19,39,50,,,
1542,4,精神操作,"19,50",19,50,,,,
1543,4,賢者の宝石,"19,37,50",19,37,50,,,
1544,4,騎士の称号,"19,37,50",19,37,50,,,
1545,4,魔法効果の矢,"19,42,43,50",19,42,43,50,,
1546,4,魔法石の採掘,"19,50",19,50,,,,
1547,5,アクアの合唱,"19,40,49",19,40,49,,,
1548,5,イタクァの暴風,"19,49",19,49,,,,
1549,5,ヒーロー・ヘイロー,"19,49",19,49,,,,
1550,5,マジックアーム・シールド,"19,49",19,49,,,,
1551,5,メタル化・魔法反射装甲,"19,49",19,49,,,,
1552,5,万能地雷グレイモヤ,"19,45,49",19,45,49,,,
1553,5,和睦の使者,"19,49",19,49,,,,
1554,5,悪魔のサイコロ,"19,49",19,49,,,,
1555,5,攻撃の無力化,"19,42,49",19,42,49,,,
1556,5,時の機械タイム・マシーン,"19,49",19,49,,,,
1557,5,破壊輪,"19,45,49",19,45,49,,,
1558,5,硫酸のたまった落とし穴,"19,49",19,49,,,,
1559,5,邪神の大災害,"19,49",19,49,,,,
1560,5,鎖付きブーメラン,"19,49",19,49,,,,
1561,5,魂の綱,"19,36,49",19,36,49,,,
1562,5,魔封じの芳香,"19,40,49",19,40,49,,,
1563,5,魔法除去細菌兵器,"19,49",19,49,,,,
1564,1,くいぐるみ,"20,23,46",20,23,46,,,
1565,1,ギル・ガース,"20,26,46",20,26,46,,,
1566,1,タイガー・アックス,"20,46",20,46,,,,
1567,1,タクリミノス,"20,46",20,46,,,,
1568,1,トビペンギン,"20,46",20,46,,,,
1569,1,ファイヤー・ウイング・ペガサス,"20,46",20,46,,,,
1570,1,ヤランゾ,"20,31,46",20,31,46,,,
1571,1,ランプの魔精・ラ・ジーン,"20,25,46",20,25,46,,,
1572,1,ワイバーンの戦士,"20,46",20,46,,,,
1573,1,千年の盾,"20,23,46",20,23,46,,,
1574,1,千年原人,"20,46",20,46,,,,
1575,1,女剣士カナン,"20,23,46",20,23,46,,,
1576,1,妖精の贈りもの,"20,29,46",20,29,46,,,
1577,1,振り子刃の拷問機械,"20,27,46",20,27,46,,,
1578,1,２人３脚ゾンビ,"20,31,46",20,31,46,,,
1579,1,Ｅ・ＨＥＲＯネオス,"20,33,46",20,33,46,,,
1580,2,ものマネ幻想師,"20,29,47",20,29,47,,,
1581,2,カース・オブ・ヴァンパイア,"20,31,38,47",20,31,38,47,,
1582,2,キャッスル・ゲート,"20,47",20,47,,,,
1583,2,スフィア・ボム球体時限爆弾,"20,27,45,47",20,27,45,47,,
1584,2,ダンディライオン,"20,38,47",20,38,47,,,
1585,2,ハーピィ・レディ・ＳＢ,"20,47",20,47,,,,
1586,2,ブレイドナイト,"20,24,34,47",20,24,34,47,,
1587,2,ホワイト・ホーンズ・ドラゴン,"20,22,47",20,22,47,,,
1588,2,マジック・ランプ,"20,29,36,47",20,29,36,47,,
1589,2,処刑人マキュラ,"20,24,47",20,24,47,,,
1590,2,絶対防御将軍,"20,23,47",20,23,47,,,
1591,2,邪心ドレッド・ルート,"20,26,47",20,26,47,,,
1592,2,黒の魔法神官,"20,30,37,47",20,30,37,47,,
1593,3,マジシャン・オブ・ブラックカオス,"20,29",20,29,,,,
1594,3,メテオ・ブラック・ドラゴン,"20,22,48",20,22,48,,,
1595,3,青眼の究極竜,"20,22,48",20,22,48,,,
1596,4,スケープ・ゴート,"20,36,42,50",20,36,42,50,,
1597,4,ハーピィの羽根箒,"20,50",20,50,,,,
1598,4,ユニオン・アタック,"20,43,50",20,43,50,,,
1599,4,友情ＹＵ－ＪＹＯ,"20,50",20,50,,,,
1600,4,悪夢の鉄檻,"20,50",20,50,,,,
1601,4,所有者の刻印,"20,50",20,50,,,,
1602,4,魔霧雨,"20,50",20,50,,,,
1603,5,ファラオの審判,"20,49",20,49,,,,
1604,5,モンスターレリーフ,"20,36,49",20,36,49,,,
1605,5,地縛霊の誘い,"20,49",20,49,,,,
1606,5,機動砦ストロング・ホールド,"20,37,49",20,37,49,,,
1607,5,死のデッキ破壊ウイルス,"20,45,49",20,45,49,,,
1608,5,現世と冥界の逆転,"20,49",20,49,,,,
1609,5,第六感,"20,49",20,49,,,,
1610,5,闇の呪縛,"20,40,49",20,40,49,,,
1611,5,隠れ兵,"20,36,49",20,36,49,,,
1612,1,ウィング・エッグ・エルフ,"21,46",21,46,,,,
1613,1,ウェザー・コントロール,"21,46",21,46,,,,
1614,1,テンダネス,"21,46",21,46,,,,
1615,1,ハーピー・ラヴアー,"21,46",21,46,,,,
1616,1,フレンドシップ,"21,46",21,46,,,,
1617,1,ミューズの天使,"21,46",21,46,,,,
1618,1,命の砂時計,"21,46",21,46,,,,
1619,1,封印の鎖,"21,46",21,46,,,,
1620,1,月の女神エルザェム,"21,46",21,46,,,,
1621,1,聖なる鎖,"21,46",21,46,,,,
1622,1,逆転の女神,"21,46",21,46,,,,
1623,2,きまぐれの女神,"21,47",21,47,,,,
1624,2,スケルエンジェル,"21,47",21,47,,,,
1625,2,マシュマロン,"21,47",21,47,,,,
1626,2,ワタポン,"21,37,47",21,37,47,,,
1627,2,心眼の女神,"21,47",21,47,,,,
1628,1,クレセント・ドラゴン,"22,46",22,46,,,,
1629,1,デビル・ドラゴン,"22,46",22,46,,,,
1630,1,パロット・ドラゴン,"22,46",22,46,,,,
1631,1,フェアリー・ドラゴン,"22,46",22,46,,,,
1632,1,メテオ・ドラゴン,"22,46",22,46,,,,
1633,1,ヤマタノ竜絵巻,"22,46",22,46,,,,
1634,1,密林の黒竜王,"22,46",22,46,,,,
1635,1,魔頭を持つ邪竜,"22,46",22,46,,,,
1636,2,アックス・ドラゴニュート,"22,47",22,47,,,,
1637,2,アームド・ドラゴンＬＶ１０,"22,33,47",22,33,47,,,
1638,2,デス・ヴォルストガルフ,"22,43,45,47",22,43,45,47,,
1639,2,ハーピィズペット竜,"22,47",22,47,,,,
1640,2,ランサー・ドラゴニュート,"22,43,47",22,43,47,,,
1641,2,レアメタル・ドラゴン,"22,47",22,47,,,,
1642,2,ヴィクトリー・ドラゴン,"22,44,47",22,44,47,,,
1643,2,冥王竜ヴァンダルギオン,"22,38,43,47",22,38,43,47,,
1644,2,真紅眼の闇竜,"22,38,47",22,38,47,,,
1645,2,破壊竜ガンドラ,"22,47",22,47,,,,
1646,2,青眼の光龍,"22,37,47",22,37,47,,,
1647,3,カイザー・ドラゴン,"22,48",22,48,,,,
1648,3,Ｆ・Ｇ・Ｄ,"22,47,48",22,47,48,,,
1649,1,アックス・レイダー,"23,46",23,46,,,,
1650,1,ウィシュワ・ランディ,"23,46",23,46,,,,
1651,1,ウッド・ジョーカー,"23,46",23,46,,,,
1652,1,オシロ・ヒーロー,"23,46",23,46,,,,
1653,1,コピックス,"23,46",23,46,,,,
1654,1,シャドウ・ファイター,"23,46",23,46,,,,
1655,1,ジャジメント・ザ・ハンド,"23,46",23,46,,,,
1656,1,ジャッジ・マン,"23,46",23,46,,,,
1657,1,デス・ストーカー,"23,46",23,46,,,,
1658,1,ドラゴヒューマン,"23,46",23,46,,,,
1659,1,ドローン,"23,46",23,46,,,,
1660,1,仮面道化,"23,46",23,46,,,,
1661,1,呪われし魔剣,"23,46",23,46,,,,
1662,1,復讐のソード・ストーカー,"23,46",23,46,,,,
1663,1,悪の無名戦士,"23,46",23,46,,,,
1664,1,斬首の美女,23,23,,,,,
1665,1,月の使者,"23,46",23,46,,,,
1666,1,東方の英雄,"23,46",23,46,,,,
1667,1,格闘戦士アルティメーター,"23,46",23,46,,,,
1668,1,氷,"23,46",23,46,,,,
1669,1,物陰の協力者,"23,46",23,46,,,,
1670,1,竜魂の石像,"23,46",23,46,,,,
1671,1,赤き剣のライムンドス,"23,46",23,46,,,,
1672,1,音女,"23,46",23,46,,,,
1673,2,コマンド・ナイト,"23,47",23,47,,,,
1674,2,トラップ・マスター,"23,34,47",23,34,47,,,
1675,2,ドッペルゲンガー,"23,34,47",23,34,47,,,
1676,2,ビッグ・シールド・ガードナー,"23,47",23,47,,,,
1677,2,ロケット戦士,"23,47",23,47,,,,
1678,2,太陽の戦士,"23,47",23,47,,,,
1679,2,異次元の戦士,"23,47",23,47,,,,
1680,2,疾風の暗黒騎士ガイア,"23,47",23,47,,,,
1681,2,翻弄するエルフの剣士,"23,47",23,47,,,,
1682,2,謎の傀儡師,"23,35,47",23,35,47,,,
1683,3,カオス・ソルジャー,23,23,,,,,
1684,3,ローガーディアン,23,23,,,,,
1685,3,戦場の死装束,"23,48",23,48,,,,
1686,2,アマゾネスの鎖使い,"24,47",24,47,,,,
1687,2,ギルフォード・ザ・レジェンド,"24,39,47",24,39,47,,,
1688,2,トゥーン・ゴブリン突撃部隊,"24,32,44,47",24,32,44,47,,
1689,2,ファミリア・ナイト,"24,37,47",24,37,47,,,
1690,2,ブラック・マジシャンズ・ナイト,"24,37,47",24,37,47,,,
1691,2,マキシマム・シックス,"24,47",24,47,,,,
1692,2,聖導騎士イシュザーク,"24,47",24,47,,,,
1693,2,荒野の女戦士,"24,38,47",24,38,47,,,
1694,3,アルカナナイトジョーカー,"24,47,48",24,47,48,,,
1695,1,インプ,"25,46",25,46,,,,
1696,1,ガーゴイル,"25,46",25,46,,,,
1697,1,キラー・ザ・クロー,"25,46",25,46,,,,
1698,1,ゴーゴン・エッグ,"25,46",25,46,,,,
1699,1,ゼミアの神,"25,46",25,46,,,,
1700,1,ダークシェイド,"25,46",25,46,,,,
1701,1,ダーク・プリズナー,"25,46",25,46,,,,
1702,1,デス・フット,"25,46",25,46,,,,
1703,1,デビルゾア,"25,46",25,46,,,,
1704,1,バーサーカー,"25,46",25,46,,,,
1705,1,ミッドナイト・デビル,"25,46",25,46,,,,
1706,1,メギラス・ライト,"25,43,46",25,43,46,,,
1707,1,メタル・ガーディアン,"25,46",25,46,,,,
1708,1,ランプの魔人,"25,46",25,46,,,,
1709,1,ロックメイス,"25,46",25,46,,,,
1710,1,人食い宝石箱,"25,46",25,46,,,,
1711,1,命を食する者,"25,46",25,46,,,,
1712,1,屋根裏の物の怪,"25,46",25,46,,,,
1713,1,悪魔の鏡,"25,46",25,46,,,,
1714,1,暗黒魔人ナイトメア,"25,46",25,46,,,,
1715,1,未熟な悪魔,"25,46",25,46,,,,
1716,1,異次元からの侵略者,"25,46",25,46,,,,
1717,1,転職の魔鏡,"25,46",25,46,,,,
1718,1,運命のろうそく,"25,46",25,46,,,,
1719,1,邪剣男爵,"25,46",25,46,,,,
1720,1,闇を司る影,"25,46",25,46,,,,
1721,1,魔人銃,"25,46",25,46,,,,
1722,1,Ｂ・プラント,"25,46",25,46,,,,
1723,2,モンスター・アイ,"25,47",25,47,,,,
1724,2,幻影の壁,"25,47",25,47,,,,
1725,2,破壊神ヴァサーゴ,"25,47",25,47,,,,
1726,2,竜殺者,"25,45,47",25,45,47,,,
1727,3,ゼラ,25,25,,,,,
1728,3,ソウル・ハンター,"25,48",25,48,,,,
1729,3,チャクラ,25,25,,,,,
1730,3,デビルズ・ミラー,25,25,,,,,
1731,3,バロックス,"25,48",25,48,,,,
1732,2,レジェンド・デビル,"26,47",26,47,,,,
1733,2,暗黒魔族ギルファー・デーモン,"26,47",26,47,,,,
1734,2,死霊騎士デスカリバー・ナイト,"26,45,47",26,45,47,,,
1735,2,溶岩魔神ラヴァ・ゴーレム,"26,36,43,47",26,36,43,47,,
1736,1,カッター・ロボ,"27,46",27,46,,,,
1737,1,コマンダー,"27,46",27,46,,,,
1738,1,ゴルゴイル,"27,46",27,46,,,,
1739,1,シャベル・クラッシャー,"27,46",27,46,,,,
1740,1,ブレイブ・シザー,"27,46",27,46,,,,
1741,1,ブロッカー,"27,46",27,46,,,,
1742,1,ホログラー,"27,46",27,46,,,,
1743,1,メカ・ハンター,"27,46",27,46,,,,
1744,1,ロイヤルガード,"27,46",27,46,,,,
1745,1,大砲だるま,"27,46",27,46,,,,
1746,1,魔界の機械兵,"27,46",27,46,,,,
1747,2,デビル・フランケン,"27,36,47",27,36,47,,,
1748,2,トゥーン・キャノン・ソルジャー,"27,32,43,44,47",27,32,43,44,47,
1749,2,メタル・デビルゾア,"27,47",27,47,,,,
1750,2,レッドアイズ・ブラックメタルドラゴン,"27,47",27,47,,,,
1751,2,機械王,"27,47",27,47,,,,
1752,2,イエロー・ガジェット,"28,47",28,47,,,,
1753,2,グリーン・ガジェット,"28,47",28,47,,,,
1754,2,レッド・ガジェット,"28,47",28,47,,,,
1755,1,エルディーン,"29,46",29,46,,,,
1756,1,エンジェル・魔女,"29,46",29,46,,,,
1757,1,コスモクイーン,"29,46",29,46,,,,
1758,1,サターナ,"29,46",29,46,,,,
1759,1,ジャグラー,"29,46",29,46,,,,
1760,1,デス・ソーサラー,"29,46",29,46,,,,
1761,1,ドリアード,"29,46",29,46,,,,
1762,1,ハリケル,"29,46",29,46,,,,
1763,1,ブークー,"29,46",29,46,,,,
1764,1,ホーリー・ドール,"29,46",29,46,,,,
1765,1,ホーリー・パワー,"29,46",29,46,,,,
1766,1,レッド・エース,"29,46",29,46,,,,
1767,1,古代魔導士,"29,46",29,46,,,,
1768,1,時の魔人ネクロランサ,"29,46",29,46,,,,
1769,1,月明かりの乙女,"29,46",29,46,,,,
1770,1,闇にしたがう者,"29,46",29,46,,,,
1771,1,陰陽師タオ,"29,46",29,46,,,,
1772,1,風の番人ジン,"29,46",29,46,,,,
1773,1,魅惑の怪盗,"29,46",29,46,,,,
1774,1,魔法剣士ネオ,"29,46",29,46,,,,
1775,1,黒魔族のカーテン,"29,46",29,46,,,,
1776,2,ロード･オブ・ドラゴンドラゴンの支配者,"29,47",29,47,,,,
1777,2,黒衣の大賢者,"29,36,47",29,36,47,,,
1778,3,カオス・ウィザード,"29,48",29,48,,,,
1779,2,サイレント・マジシャンＬＶ４,"30,33,38,47",30,33,38,47,,
1780,2,サイレント・マジシャンＬＶ８,"30,33,47",30,33,47,,,
1781,2,トゥーン・ヂェミナイ・エルフ,"30,32,44,47",30,32,44,47,,
1782,2,トゥーン・仮面魔道士,"30,32,44,47",30,32,44,47,,
1783,2,マジシャンズ・ヴァルキリア,"30,47",30,47,,,,
1784,2,召喚僧サモンプリースト,"30,38,47",30,38,47,,,
1785,2,闇・道化師のペーテン,"30,37,47",30,37,47,,,
1786,2,魔導獣ケルベロス,"30,47",30,47,,,,
1787,2,黒魔導の執行官,"30,38,43,47",30,38,43,47,,
1788,2,ＴＨＥトリッキー,"30,37,47",30,37,47,,,
1789,1,さまよえる亡者,"31,46",31,46,,,,
1790,1,ゴースト,"31,46",31,46,,,,
1791,1,デッド・シャーク,"31,46",31,46,,,,
1792,1,ドラゴン・ゾンビ,"31,46",31,46,,,,
1793,1,ファイヤー・デビル,"31,46",31,46,,,,
1794,1,マジカル・ゴースト,"31,46",31,46,,,,
1795,1,マーダーサーカス・ゾンビ,"31,46",31,46,,,,
1796,1,メデュウサの亡霊,"31,46",31,46,,,,
1797,1,大食いグール,"31,46",31,46,,,,
1798,1,手招きする墓場,"31,46",31,46,,,,
1799,1,森の屍,"31,46",31,46,,,,
1800,1,死神のドクロイゾ,"31,46",31,46,,,,
1801,1,死者の腕,"31,46",31,46,,,,
1802,1,闇の暗殺者,"31,46",31,46,,,,
1803,1,青眼の銀ゾンビ,"31,46",31,46,,,,
1804,1,髑髏の寺院,"31,46",31,46,,,,
1805,2,ブラッド・サッカー,"31,43,47",31,43,47,,,
1806,2,リターン・ゾンビ,"31,47",31,47,,,,
1807,2,ヴァンパイアジェネシス,"31,38,47",31,38,47,,,
1808,3,アンデット・ウォーリアー,"31,48",31,48,,,,
1809,3,スカルライダー,"31,36",31,36,,,,
1810,3,スケルゴン,"31,48",31,48,,,,
1811,3,金色の魔像,"31,48",31,48,,,,
1812,4,トゥーンのもくじ,"32,50",32,50,,,,
1813,5,トゥーン・ディフェンス,"32,40,44,49",32,40,44,49,,
1814,5,八汰烏の骸,"32,49",32,49,,,,
1815,2,Ｅ・ＨＥＲＯネクロダークマン,"33,47",33,47,,,,
1816,3,Ｅ・ＨＥＲＯエリクシーラー,"33,47,48",33,47,48,,,
1817,3,Ｅ・ＨＥＲＯスチーム・ヒーラー,"33,45,47,48",33,45,47,48,,
1818,4,バブルイリュージョン,"33,42,50",33,42,50,,,
1819,4,バブル・ショット,"33,39,50",33,39,50,,,
1820,4,バースト・リターン,"33,50",33,50,,,,
1821,4,融合賢者,"33,50",33,50,,,,
1822,5,クレイ・チャージ,"33,43,49",33,43,49,,,
1823,2,ニードル・ワーム,"34,47",34,47,,,,
1824,2,ペンギン・ソルジャー,"34,47",34,47,,,,
1825,2,メタモルポッド,"34,47",34,47,,,,
1826,4,ソウルテイカー,"35,45,50",35,45,50,,,
1827,4,モウヤンのカレー,"35,50",35,50,,,,
1828,4,天使の生き血,"35,50",35,50,,,,
1829,4,治療の神ディアン・ケト,"35,50",35,50,,,,
1830,4,魔術の呪文書,"35,39,50",35,39,50,,,
1831,2,究極完全態・グレートモス,"36,47",36,47,,,,
1832,3,ジャベリンビートル,36,36,,,,,
1833,3,スーパー・ウォー・ライオン,36,36,,,,,
1834,3,要塞クジラ,36,36,,,,,
1835,4,ドラゴンを呼ぶ笛,"36,50",36,50,,,,
1836,4,遺言状,"36,50",36,50,,,,
1837,4,黒魔術のカーテン,"36,50",36,50,,,,
1838,4,黙する死者,"36,50",36,50,,,,
1839,5,アヌビスの化神,"36,40,49",36,40,49,,,
1840,2,アンドロ・スフィンクス,"37,43,47",37,43,47,,,
1841,2,スフィンクス・アンドロジュネス,"37,47",37,47,,,,
1842,2,スフィンクス・テーレイア,"37,43,47",37,43,47,,,
1843,4,ディメンション・マジック,"37,42,45,50",37,42,45,50,,
1844,4,デビルズ・サンクチュアリ,"37,50",37,50,,,,
1845,4,トリッキーズ・マジック４,"37,42,50",37,42,50,,,
1846,5,メタル・リフレクト・スライム,"37,41,49",37,41,49,,,
1847,5,死霊ゾーマ,"37,41,49",37,41,49,,,
1848,5,異次元からの帰還,"37,49",37,49,,,,
1849,2,ブロックマン,"38,47",38,47,,,,
1850,2,守護神エクゾード,"38,47",38,47,,,,
1851,2,海竜神ネオダイダロス,"38,47",38,47,,,,
1852,4,クリボーを呼ぶ笛,"38,42,50",38,42,50,,,
1853,4,地獄の暴走召喚,"38,42,50",38,42,50,,,
1854,5,マジシャンズ・サークル,"38,49",38,49,,,,
1855,4,サラマンドラ,"39,50",39,50,,,,
1856,4,シャイン・キャッスル,"39,50",39,50,,,,
1857,4,ミスト・ボディ,"39,50",39,50,,,,
1858,4,火器付機甲鎧,"39,50",39,50,,,,
1859,4,神剣フェニックスブレード,"39,50",39,50,,,,
1860,5,拷問車輪,"40,43,49",40,43,49,,,
1861,5,王宮のお触れ,"40,49",40,49,,,,
1862,5,血の代償,"40,49",40,49,,,,
1863,5,魔力の棘,"40,49",40,49,,,,
1864,4,デンジャラスマシン TYPE－６,"41,45,50",41,45,50,,,
1865,4,マシュマロンのメガネ,"41,50",41,50,,,,
1866,4,断層地帯,"41,50",41,50,,,,
1867,5,光のピラミッド,"41,49",41,49,,,,
1868,4,ヘル・テンペスト,"42,50",42,50,,,,
1869,4,収縮,"42,50",42,50,,,,
1870,4,増殖,"42,50",42,50,,,,
1871,4,結束ＵＮＩＴＹ,"42,50",42,50,,,,
1872,5,方舟の選別,"42,49",42,49,,,,
1873,4,昼夜の大火事,"43,50",43,50,,,,
1874,5,自業自得,"43,49",43,49,,,,
1875,4,威圧する魔眼,"44,50",44,50,,,,
1876,4,シールドクラッシュ,"45,50",45,50,,,,
1877,4,千本ナイフ,"45,50",45,50,,,,
1878,4,死のマジック・ボックス,"45,50",45,50,,,,
1879,1,きのこマン,46,46,,,,,
1880,1,くちばしヘビ,46,46,,,,,
1881,1,とろける赤き影,46,46,,,,,
1882,1,アクア・スネーク,46,46,,,,,
1883,1,アシッドクロウラー,46,46,,,,,
1884,1,アブソリューター,46,46,,,,,
1885,1,アルラウネ,46,46,,,,,
1886,1,アンモナイト,46,46,,,,,
1887,1,イビル・ラット,46,46,,,,,
1888,1,インセクション,46,46,,,,,
1889,1,イースター島のモアイ,46,46,,,,,
1890,1,ウィルミー,46,46,,,,,
1891,1,ウェザ,46,46,,,,,
1892,1,ウォーター・エレメント,46,46,,,,,
1893,1,ウォーター・ガール,46,46,,,,,
1894,1,ウォー・アース,46,46,,,,,
1895,1,ウンディーネ,46,46,,,,,
1896,1,エレキッズ,46,46,,,,,
1897,1,オオカミ,46,46,,,,,
1898,1,カエルスライム,46,46,,,,,
1899,1,カニカブト,46,46,,,,,
1900,1,カマキラー,46,46,,,,,
1901,1,ガニグモ,46,46,,,,,
1902,1,ガンロック,46,46,,,,,
1903,1,キャッツ・フェアリー,46,46,,,,,
1904,1,キャット・レディ,46,46,,,,,
1905,1,キラー・ブロップ,46,46,,,,,
1906,1,クレイジー・フィッシュ,46,46,,,,,
1907,1,クロコダイラス,46,46,,,,,
1908,1,グラップラー,46,46,,,,,
1909,1,グリフォール,46,46,,,,,
1910,1,グレート・ビル,46,46,,,,,
1911,1,グレート・ホワイト,46,46,,,,,
1912,1,グロス,46,46,,,,,
1913,1,コロガーシ,46,46,,,,,
1914,1,ゴキボール,46,46,,,,,
1915,1,サファイヤ・リサーク,46,46,,,,,
1916,1,サンダー・キッズ,46,46,,,,,
1917,1,ザリガン,46,46,,,,,
1918,1,シーカーメン,46,46,,,,,
1919,1,シーザリオン,46,46,,,,,
1920,1,スコール,46,46,,,,,
1921,1,ストーン・アルマジラー,46,46,,,,,
1922,1,ストーン・ゴースト,46,46,,,,,
1923,1,スネーク・パーム,46,46,,,,,
1924,1,スピック,46,46,,,,,
1925,1,セイント・バード,46,46,,,,,
1926,1,ソリテュード,46,46,,,,,
1927,1,タクヒ,46,46,,,,,
1928,1,タートル・バード,46,46,,,,,
1929,1,タートル・狸,46,46,,,,,
1930,1,ダークキラー,46,46,,,,,
1931,1,ダーク・ラビット,46,46,,,,,
1932,1,ツンドラの大蠍,46,46,,,,,
1933,1,テンタクル・プラント,46,46,,,,,
1934,1,ディッグ・ビーク,46,46,,,,,
1935,1,デビルツムリ,46,46,,,,,
1936,1,デビル・クラーケン,46,46,,,,,
1937,1,デビル・スネーク,46,46,,,,,
1938,1,デーモン・ビーバー,46,46,,,,,
1939,1,トゥーン・アリゲーター,46,46,,,,,
1940,1,トラコドン,46,46,,,,,
1941,1,トードマスター,46,46,,,,,
1942,1,ドローバ,46,46,,,,,
1943,1,ナイトメア・スコーピオン,46,46,,,,,
1944,1,ナイト・リザード,46,46,,,,,
1945,1,バビロン,46,46,,,,,
1946,1,バーグラー,46,46,,,,,
1947,1,ヒトデンチャク,46,46,,,,,
1948,1,ビック・アント,46,46,,,,,
1949,1,ビーン・ソルジャー,46,46,,,,,
1950,1,ファイヤー・アイ,46,46,,,,,
1951,1,ファランクス,46,46,,,,,
1952,1,フレイム・ヴァイパー,46,46,,,,,
1953,1,プリズマン,46,46,,,,,
1954,1,ヘビー・ティレックス,46,46,,,,,
1955,1,ヘルゲート・ディーグ,46,46,,,,,
1956,1,ベヒゴン,46,46,,,,,
1957,1,ボルト・ペンギン,46,46,,,,,
1958,1,マウンテン・ウォーリアー,46,46,,,,,
1959,1,マグナム・リリィ,46,46,,,,,
1960,1,マスター・アン・エキスパート,46,46,,,,,
1961,1,ミノタウルス,46,46,,,,,
1962,1,メカレオン,46,46,,,,,
1963,1,メズザウラー,46,46,,,,,
1964,1,モンスタートル,46,46,,,,,
1965,1,モン・ラーバス,46,46,,,,,
1966,1,ヤシの木,46,46,,,,,
1967,1,ヨルムンガルド,46,46,,,,,
1968,1,ララ・ライウーン,46,46,,,,,
1969,1,ワイバーン,46,46,,,,,
1970,1,二頭を持つキング・レックス,46,46,,,,,
1971,1,人食い植物,46,46,,,,,
1972,1,千年ゴーレム,46,46,,,,,
1973,1,吸血ノミ,46,46,,,,,
1974,1,命ある花瓶,46,46,,,,,
1975,1,屍を貪る竜,46,46,,,,,
1976,1,岩の戦士,46,46,,,,,
1977,1,岩石カメッター,46,46,,,,,
1978,1,巨大な怪鳥,46,46,,,,,
1979,1,復讐のカッパ,46,46,,,,,
1980,1,恐竜人,46,46,,,,,
1981,1,悟りの老樹,46,46,,,,,
1982,1,本の精霊ホーク・ビショップ,46,46,,,,,
1983,1,水の魔導師,46,46,,,,,
1984,1,氷水,46,46,,,,,
1985,1,泉の妖精,46,46,,,,,
1986,1,泥に潜み棲むもの,46,46,,,,,
1987,1,海を守る戦士,46,46,,,,,
1988,1,海原の女戦士,46,46,,,,,
1989,1,眠れる獅子,46,46,,,,,
1990,1,笑う花,46,46,,,,,
1991,1,紫淵に咲く花,46,46,,,,,
1992,1,邪炎の翼,46,46,,,,,
1993,1,鎧ネズミ,46,46,,,,,
1994,1,魂を狩る者,46,46,,,,,
1995,1,魚ギョ戦士,46,46,,,,,
1996,1,黒い影の鬼王,46,46,,,,,
1997,2,イリュージョン・シープ,47,47,,,,,
1998,2,コカローチ・ナイト,47,47,,,,,
1999,2,沼地の魔獣王,47,47,,,,,
2000,2,邪悪なるワーム・ビースト,47,47,,,,,
2001,3,デス・バード,48,48,,,,,
2002,3,バラに棲む悪霊,48,48,,,,,
2003,3,ブラキオレイドス,48,48,,,,,
2004,3,プラグティカル,48,48,,,,,
2005,3,マブラス,48,48,,,,,
2006,3,マリン・ビースト,48,48,,,,,
2007,3,レア・フィッシュ,48,48,,,,,
2008,3,朱雀,48,48,,,,,
2009,3,水陸両用バグロス,48,48,,,,,
2010,3,砂の魔女,48,48,,,,,
2011,3,紅陽鳥,48,48,,,,,
2012,3,黒き人食い鮫,48,48,,,,,
2013,5,あまのじゃくの呪い,49,49,,,,,
2014,5,城壁,49,49,,,,,
2015,5,援軍,49,49,,,,,
2016,4,カオスの儀式,50,50,,,,,
2017,4,ジャベリングビートルの契約,50,50,,,,,
2018,4,スカルライダーの復活,50,50,,,,,
2019,4,ゼラの儀式,50,50,,,,,
2020,4,チャクラの復活,50,50,,,,,
2021,4,ライオンの儀式,50,50,,,,,
2022,4,ローの祈り,50,50,,,,,
2023,4,悪魔鏡の儀式,50,50,,,,,
2024,4,要塞クジラの誓い,50,50,,,,,
2025,4,闇をかき消す光,50,50,,,,,
2026,4,革命,50,50,,,,,
2027,4,魔法除去,50,50,,,,,